SALE TYPE,SOLD DATE,PROPERTY TYPE,ADDRESS,CITY,STATE OR PROVINCE,ZIP OR POSTAL CODE,PRICE,BEDS,BATHS,LOCATION,SQUARE FEET,LOT SIZE,YEAR BUILT,DAYS ON MARKET,$/SQUARE FEET,HOA/MONTH,STATUS,NEXT OPEN HOUSE START TIME,NEXT OPEN HOUSE END TIME,URL (SEE https://www.redfin.com/buy-a-home/comparative-market-analysis FOR INFO ON PRICING),SOURCE,MLS#,FAVORITE,INTERESTED,LATITUDE,LONGITUDE
MLS Listing,,Single Family Residential,12 Gertrude Ct,East Palo Alto,CA,94303,1199000,3,2.0,EAST PALO ALTO,1120,9700,1956,12,1071,,Active,April-8-2023 01:00 PM,April-8-2023 04:00 PM,https://www.redfin.com/CA/East-Palo-Alto/12-Gertrude-Ct-94303/home/1316088,MLSListings,ML81922756,N,Y,37.4748215,-122.1440679
MLS Listing,,Vacant Land,103 CASTLEWOOD,Pleasanton,CA,94566,725000,,,Castlewood,,36288,,1,,6,Active,,,https://www.redfin.com/CA/Pleasanton/103-Castlewood-Dr-94566/home/143115847,"bridgeMLS, Bay East AOR, or Contra Costa AOR",41023625,N,Y,37.630965,-121.899779
MLS Listing,,Single Family Residential,8 Aliso Way,Portola Valley,CA,94028,3150000,4,3.0,PORTOLA VALLEY,2610,9520,1949,1,1207,,Active,April-8-2023 02:00 PM,April-8-2023 04:00 PM,https://www.redfin.com/CA/Portola-Valley/8-Aliso-Way-94028/home/905236,MLSListings,ML81923962,N,Y,37.403701,-122.193084
MLS Listing,,Single Family Residential,358 El Camino Real,Atherton,CA,94027,3700000,4,4.0,ATHERTON,2630,13500,1922,1,1407,,Active,,,https://www.redfin.com/CA/Atherton/358-El-Camino-Real-94027/home/1718733,MLSListings,ML81922702,N,Y,37.4634068,-122.2037147
MLS Listing,,Single Family Residential,1472 Lewiston Dr,Sunnyvale,CA,94087,2498000,4,2.0,SUNNYVALE,1469,8724,1959,1,1700,,Active,April-8-2023 01:00 PM,April-8-2023 04:30 PM,https://www.redfin.com/CA/Sunnyvale/1472-Lewiston-Dr-94087/home/972223,MLSListings,ML81923928,N,Y,37.3458798,-122.04519
MLS Listing,,Townhouse,300 Baltic Cir #330,Redwood City,CA,94065,1250000,2,3.0,REDWOOD CITY,1424,242714,1997,1,878,673,Active,April-9-2023 02:00 PM,April-9-2023 04:00 PM,https://www.redfin.com/CA/Redwood-City/300-Baltic-Cir-94065/unit-330/home/994664,MLSListings,ML81923914,N,Y,37.539633,-122.2416585
MLS Listing,,Townhouse,165 Okeefe St #27,Menlo Park,CA,94025,770000,2,1.5,MENLO PARK,1182,43151,1983,2,651,670,Active,April-8-2023 02:00 PM,April-8-2023 04:00 PM,https://www.redfin.com/CA/Menlo-Park/165-Okeefe-St-94025/unit-27/home/992317,MLSListings,ML81923859,N,Y,37.4628194,-122.1505442
MLS Listing,,Single Family Residential,1435 W Selby Ln,Redwood City,CA,94061,2948000,4,3.0,REDWOOD CITY,2550,8816,1979,2,1156,,Active,April-8-2023 02:00 PM,April-8-2023 04:00 PM,https://www.redfin.com/CA/Redwood-City/1435-W-Selby-Ln-94061/home/1389778,MLSListings,ML81923645,N,Y,37.4533974,-122.2224667
MLS Listing,,Single Family Residential,710 Patrol Rd,Woodside,CA,94062,4995000,3,3.0,WOODSIDE,2860,64904,1956,2,1747,,Active,April-8-2023 12:00 PM,April-8-2023 03:00 PM,https://www.redfin.com/CA/Woodside/710-Patrol-Rd-94062/home/2048913,MLSListings,ML81923735,N,Y,37.4326179,-122.2849032
MLS Listing,,Single Family Residential,1552 Silver Pond Ln,San Jose,CA,95138,2250000,5,4.0,SAN JOSE,3001,8712,2005,2,750,180,Active,April-8-2023 01:00 PM,April-8-2023 04:00 PM,https://www.redfin.com/CA/San-Jose/1552-Silver-Pond-Ln-95138/home/1858431,MLSListings,ML81923011,N,Y,37.2884141,-121.800407
MLS Listing,,Single Family Residential,179 Recino St,Fremont,CA,94539,2499000,4,3.0,Mission Estates,2552,8352,1974,2,979,,Active,April-8-2023 01:00 PM,April-8-2023 04:00 PM,https://www.redfin.com/CA/Fremont/179-Recino-St-94539/home/1091059,"bridgeMLS, Bay East AOR, or Contra Costa AOR",41023446,N,Y,37.5533248,-121.942267
MLS Listing,,Condo/Co-op,325 Valle Vista Ave #103,Hayward,CA,94544,359950,1,1.0,Valle Vista,598,64567,1984,2,602,536,Active,April-8-2023 01:30 PM,April-8-2023 04:00 PM,https://www.redfin.com/CA/Hayward/325-Valle-Vista-Ave-94544/unit-103/home/783566,"bridgeMLS, Bay East AOR, or Contra Costa AOR",41023442,N,Y,37.631634,-122.05255
MLS Listing,,Single Family Residential,1380 Holly Ave,Los Altos,CA,94024,5998000,5,5.5,LOS ALTOS,4559,12196,2009,2,1316,,Active,April-8-2023 01:30 PM,April-8-2023 04:30 PM,https://www.redfin.com/CA/Los-Altos/1380-Holly-Ave-94024/home/1092170,MLSListings,ML81923803,N,Y,37.3574048,-122.0851204
MLS Listing,,Single Family Residential,138 Forest Hill Dr,Los Gatos,CA,95032,1885000,3,2.0,LOS GATOS,1573,8165,1962,2,1198,,Active,April-8-2023 01:00 PM,April-8-2023 04:00 PM,https://www.redfin.com/CA/Los-Gatos/138-Forest-Hill-Dr-95032/home/911665,MLSListings,ML81923798,N,Y,37.2381503,-121.9262002
MLS Listing,,Single Family Residential,862 Moreno Ave,Palo Alto,CA,94303,3089000,3,2.0,PALO ALTO,1351,8187,1946,2,2286,,Active,April-8-2023 01:00 PM,April-8-2023 04:00 PM,https://www.redfin.com/CA/Palo-Alto/862-Moreno-Ave-94303/home/1683219,MLSListings,ML81923797,N,Y,37.4383424,-122.1265002
MLS Listing,,Single Family Residential,18605 Lyons Ct,Saratoga,CA,95070,2899900,3,4.5,SARATOGA,1984,8071,1958,2,1462,,Active,April-8-2023 01:30 PM,April-8-2023 04:00 PM,https://www.redfin.com/CA/Saratoga/18605-Lyons-Ct-95070/home/807657,MLSListings,ML81921449,N,Y,37.2703677,-121.995703
MLS Listing,,Single Family Residential,2149 Waverley St,Palo Alto,CA,94301,9998000,5,3.0,PALO ALTO,4126,14268,1928,2,2423,,Active,,,https://www.redfin.com/CA/Palo-Alto/2149-Waverley-St-94301/home/1344491,MLSListings,ML81923791,N,Y,37.4346476,-122.1396762
MLS Listing,,Single Family Residential,453 Lower Vintners Cir,Fremont,CA,94539,3099000,5,3.5,Vintage Grove,3019,16656,1997,2,1026,,Active,April-9-2023 01:00 PM,April-9-2023 04:00 PM,https://www.redfin.com/CA/Fremont/453-Lower-Vintners-Cir-94539/home/1239706,"bridgeMLS, Bay East AOR, or Contra Costa AOR",41022238,N,Y,37.5032924,-121.9184882
MLS Listing,,Single Family Residential,731 Berry Ave,Los Altos,CA,94024,5699000,5,3.0,LOS ALTOS,3881,19230,1921,2,1468,,Active,April-8-2023 02:00 PM,April-8-2023 04:00 PM,https://www.redfin.com/CA/Los-Altos/731-Berry-Ave-94024/home/1228497,MLSListings,ML81923518,N,Y,37.3616719,-122.0949145
MLS Listing,,Single Family Residential,3840 May Ct,Palo Alto,CA,94303,4500000,5,4.0,PALO ALTO,4394,19212,1983,2,1024,,Active,April-8-2023 01:00 PM,April-8-2023 04:00 PM,https://www.redfin.com/CA/Palo-Alto/3840-May-Ct-94303/home/1784266,MLSListings,ML81923779,N,Y,37.422592,-122.1111926
MLS Listing,,Single Family Residential,35512 Garrone Pl,Newark,CA,94560,748000,4,2.0,Lido Faire,1450,8040,1961,3,516,,Active,April-8-2023 01:00 PM,April-8-2023 04:00 PM,https://www.redfin.com/CA/Newark/35512-Garrone-Pl-94560/home/856125,"bridgeMLS, Bay East AOR, or Contra Costa AOR",41023356,N,Y,37.544379,-122.0515441
MLS Listing,,Single Family Residential,265 Portola State Park Rd,La Honda,CA,94020,1898000,3,2.0,LA HONDA,2720,519235,1970,3,698,,Active,,,https://www.redfin.com/CA/La-Honda/265-Portola-State-Park-Rd-94020/home/1893078,MLSListings,ML81923683,N,Y,37.2674117,-122.2096554
MLS Listing,,Single Family Residential,862 Chiltern Rd,Hillsborough,CA,94010,13000000,5,6.5,HILLSBOROUGH,6310,111078,1931,3,2060,,Active,,,https://www.redfin.com/CA/Hillsborough/862-Chiltern-Rd-94010/home/2014110,MLSListings,ML81923674,N,Y,37.5552989,-122.3471299
MLS Listing,,Single Family Residential,2493 Abaca Way,Fremont,CA,94539,1599000,4,2.0,Mission Fremont,1583,8001,1971,3,1010,49,Active,April-8-2023 01:30 PM,April-8-2023 04:00 PM,https://www.redfin.com/CA/Fremont/2493-Abaca-Way-94539/home/534090,"bridgeMLS, Bay East AOR, or Contra Costa AOR",41022593,N,Y,37.5395411,-121.952577
MLS Listing,,Single Family Residential,1172 Maraschino Dr,Sunnyvale,CA,94087,2548000,4,2.0,SUNNYVALE,1705,8247,1962,3,1494,,Active,April-8-2023 11:00 AM,April-8-2023 01:30 PM,https://www.redfin.com/CA/Sunnyvale/1172-Maraschino-Dr-94087/home/1223565,MLSListings,ML81923661,N,Y,37.3564466,-122.0510951
MLS Listing,,Single Family Residential,22 Starwood Dr,Woodside,CA,94062,6998000,5,4.5,WOODSIDE,7300,217800,1984,3,959,,Active,,,https://www.redfin.com/CA/Woodside/22-Starwood-Dr-94062/home/2049722,MLSListings,ML81923648,N,Y,37.3790812,-122.2728767
MLS Listing,,Single Family Residential,150 Finger Ave,Redwood City,CA,94062,3250000,4,3.0,REDWOOD CITY,3040,15000,1949,3,1069,,Active,April-16-2023 01:00 PM,April-16-2023 04:00 PM,https://www.redfin.com/CA/Redwood-City/150-Finger-Ave-94062/home/1979583,MLSListings,ML81923647,N,Y,37.4911478,-122.2460203
MLS Listing,,Single Family Residential,20335 Hickory Hill Way,Saratoga,CA,95070,4199000,4,2.5,SARATOGA,2589,12997,1964,3,1622,,Active,April-8-2023 12:00 PM,April-8-2023 02:00 PM,https://www.redfin.com/CA/Saratoga/20335-Hickory-Hill-Way-95070/home/1098019,MLSListings,ML81922411,N,Y,37.2775378,-122.0288324
MLS Listing,,Single Family Residential,4970 Fontanelle Pl,San Jose,CA,95111,1199000,4,3.0,SAN JOSE,1813,8387,1982,4,661,,Active,April-8-2023 01:00 PM,April-8-2023 04:00 PM,https://www.redfin.com/CA/San-Jose/4970-Fontanelle-Pl-95111/home/892007,MLSListings,ML81923618,N,Y,37.2735504,-121.8024762
MLS Listing,,Single Family Residential,3245 Brownhill Ct,San Jose,CA,95135,1499999,4,2.5,SAN JOSE,1757,9402,1984,4,854,,Active,April-8-2023 02:00 PM,April-8-2023 04:00 PM,https://www.redfin.com/CA/San-Jose/3245-Brownhill-Ct-95135/home/1268684,MLSListings,ML81919655,N,Y,37.3136816,-121.7859885
MLS Listing,,Single Family Residential,7785 Laguna Heights Ct,Sunol,CA,94586,6888000,7,8.5,Little Valley,9826,153672,2019,4,701,232,Active,,,https://www.redfin.com/CA/Sunol/7785-Laguna-Heights-Ct-94586/home/40042449,"bridgeMLS, Bay East AOR, or Contra Costa AOR",41021504,N,Y,37.6094669,-121.8501454
MLS Listing,,Single Family Residential,782 Solito Ct,San Jose,CA,95123,1499888,4,3.0,SAN JOSE,2213,8738,1964,4,678,,Active,April-8-2023 01:00 PM,April-8-2023 04:00 PM,https://www.redfin.com/CA/San-Jose/782-Solito-Ct-95123/home/1003054,MLSListings,ML81923553,N,Y,37.2415553,-121.8463611
MLS Listing,,Single Family Residential,1256 Husted Ave,San Jose,CA,95125,2450000,4,3.0,SAN JOSE,2467,8379,1956,4,993,,Active,April-8-2023 01:00 PM,April-8-2023 04:00 PM,https://www.redfin.com/CA/San-Jose/1256-Husted-Ave-95125/home/1166784,MLSListings,ML81923550,N,Y,37.2843205,-121.8899245
MLS Listing,,Single Family Residential,10958 Ridgeview Ave,San Jose,CA,95127,1349000,3,2.5,SAN JOSE,2053,21817,1950,4,657,,Active,,,https://www.redfin.com/CA/San-Jose/10958-Ridgeview-Ave-95127/home/1759296,MLSListings,ML81923548,N,Y,37.3821914,-121.8159451
MLS Listing,,Single Family Residential,84 Stockbridge Ave,Atherton,CA,94027,22800000,7,10.0,ATHERTON,10757,43569,1999,4,2120,,Active,,,https://www.redfin.com/CA/Atherton/84-Stockbridge-Ave-94027/home/1882294,MLSListings,ML81923540,N,Y,37.4609799,-122.2122488
MLS Listing,,Single Family Residential,12586 Arroyo De Arguello,Saratoga,CA,95070,3895000,4,2.5,SARATOGA,2670,12722,1969,4,1459,,Active,April-8-2023 01:00 PM,April-8-2023 04:00 PM,https://www.redfin.com/CA/Saratoga/12586-Arroyo-de-Arguello-95070/home/1337020,MLSListings,ML81923525,N,Y,37.2858114,-122.0364651
MLS Listing,,Single Family Residential,16561 Oleander Ave,Los Gatos,CA,95032,3750000,3,2.5,LOS GATOS,2782,9485,1951,4,1348,,Active,April-8-2023 01:00 PM,April-8-2023 04:00 PM,https://www.redfin.com/CA/Los-Gatos/16561-Oleander-Ave-95032/home/910952,MLSListings,ML81923520,N,Y,37.2382141,-121.9595241
MLS Listing,,Single Family Residential,325 Harcross Rd,Woodside,CA,94062,5248000,4,2.5,WOODSIDE,4410,89298,1978,5,1190,9,Active,April-8-2023 01:00 PM,April-8-2023 04:00 PM,https://www.redfin.com/CA/Woodside/325-Harcross-Rd-94062/home/880877,MLSListings,ML81923506,N,Y,37.4494667,-122.2454034
MLS Listing,,Single Family Residential,34231 Perry Glen Ter,Union City,CA,94587,2499000,4,3.0,UNION CITY,2273,9960,1998,5,1099,,Active,,,https://www.redfin.com/CA/Union-City/34231-Perry-Glen-Ter-94587/home/1403498,MLSListings,ML81923493,N,Y,37.5844971,-122.0304039
MLS Listing,,Single Family Residential,2315 Westbridge Ln,Pleasanton,CA,94566,4250000,6,4.5,Happy Valley Are,5660,22520,2008,5,751,,Active,,,https://www.redfin.com/CA/Pleasanton/2315-Westbridge-Ln-94566/home/22729826,"bridgeMLS, Bay East AOR, or Contra Costa AOR",41022772,N,Y,37.633909,-121.865247
MLS Listing,,Single Family Residential,10574 Sterling Blvd,Cupertino,CA,95014,1899950,3,1.0,CUPERTINO,1048,8878,1954,5,1813,,Active,April-8-2023 01:00 PM,April-8-2023 04:00 PM,https://www.redfin.com/CA/Cupertino/10574-Sterling-Blvd-95014/home/1025849,MLSListings,ML81923473,N,Y,37.3140055,-121.9969611
MLS Listing,,Single Family Residential,424 Bush St,Mountain View,CA,94041,2598000,4,2.0,MOUNTAIN VIEW,1836,8609,1924,5,1415,,Active,April-8-2023 01:00 PM,April-8-2023 04:00 PM,https://www.redfin.com/CA/Mountain-View/424-Bush-St-94041/home/1150653,MLSListings,ML81923462,N,Y,37.3897469,-122.0777303
MLS Listing,,Single Family Residential,1151 Elder Ave,Menlo Park,CA,94025,3598000,4,2.5,MENLO PARK,2010,10880,1957,5,1790,,Active,April-8-2023 02:00 PM,April-8-2023 04:00 PM,https://www.redfin.com/CA/Menlo-Park/1151-Elder-Ave-94025/home/1878841,MLSListings,ML81923457,N,Y,37.4388637,-122.1966209
MLS Listing,,Single Family Residential,3600 Tripp Rd,Woodside,CA,94062,7995000,4,3.5,WOODSIDE,3775,83635,1964,5,2118,,Active,,,https://www.redfin.com/CA/Woodside/3600-Tripp-Rd-94062/home/1259693,MLSListings,ML81923455,N,Y,37.4219676,-122.2717026
MLS Listing,,Single Family Residential,130 Eleanor Dr,Woodside,CA,94062,7295000,4,4.5,WOODSIDE,5355,66647,2005,5,1362,,Active,,,https://www.redfin.com/CA/Woodside/130-Eleanor-Dr-94062/home/2100328,MLSListings,ML81923453,N,Y,37.4411858,-122.2342348
MLS Listing,,Single Family Residential,15 Blue Ridge Ln,Woodside,CA,94062,16495000,5,3.5,WOODSIDE,4610,152460,1905,5,3578,,Active,,,https://www.redfin.com/CA/Woodside/15-Blue-Ridge-Ln-94062/home/1776561,MLSListings,ML81923224,N,Y,37.4104138,-122.2524054
MLS Listing,,Single Family Residential,545 Live Oak Ln,Redwood City,CA,94062,3588000,4,4.5,REDWOOD CITY,3820,93300,1990,5,939,,Active,April-8-2023 01:00 PM,April-8-2023 04:30 PM,https://www.redfin.com/CA/Redwood-City/545-Live-Oak-Ln-94062/home/1952721,MLSListings,ML81919007,N,Y,37.4655347,-122.2649013
MLS Listing,,Single Family Residential,215 Hanna Way,Menlo Park,CA,94025,5350000,4,3.5,MENLO PARK,3290,14715,1998,5,1626,,Active,April-8-2023 02:00 PM,April-8-2023 04:00 PM,https://www.redfin.com/CA/Menlo-Park/215-Hanna-Way-94025/home/2034472,MLSListings,ML81923440,N,Y,37.4631861,-122.1672875
MLS Listing,,Single Family Residential,10 Mount Vernon Ln,Atherton,CA,94027,12700000,6,6.0,ATHERTON,7066,43195,2002,5,1797,,Active,,,https://www.redfin.com/CA/Atherton/10-Mount-Vernon-Ln-94027/home/849215,MLSListings,ML81907649,N,Y,37.4664762,-122.1978144
MLS Listing,,Single Family Residential,3342-3344 Los Prados St,San Mateo,CA,94403,1999888,5,3.0,SAN MATEO,2638,9020,1960,6,758,,Active,,,https://www.redfin.com/CA/San-Mateo/3342-Los-Prados-St-94403/home/1314305,MLSListings,ML81923394,N,Y,37.5399185,-122.2793555
MLS Listing,,Single Family Residential,5855 Burchell Ave,San Jose,CA,95120,1850000,4,2.5,SAN JOSE,2024,8206,1973,7,914,,Active,April-8-2023 12:00 PM,April-8-2023 04:00 PM,https://www.redfin.com/CA/San-Jose/5855-Burchell-Ave-95120/home/1730169,MLSListings,ML81923399,N,Y,37.2344427,-121.8881514
MLS Listing,,Townhouse,836 Sovereign Way,Redwood City,CA,94065,1550000,3,3.0,REDWOOD CITY,1800,514279,1989,8,861,550,Active,April-8-2023 01:00 PM,April-8-2023 04:00 PM,https://www.redfin.com/CA/Redwood-City/836-Sovereign-Way-94065/home/2003418,MLSListings,ML81923308,N,Y,37.536718,-122.23774
MLS Listing,,Single Family Residential,38860 Cherry Ln,Fremont,CA,94536,2888888,5,2.0,Orchard,2215,29172,1929,8,1304,,Active,,,https://www.redfin.com/CA/Fremont/38860-Cherry-Ln-94536/home/1959239,"bridgeMLS, Bay East AOR, or Contra Costa AOR",41021054,N,Y,37.5636662,-121.9677292
MLS Listing,,Single Family Residential,1950 Ralston Ave,Hillsborough,CA,94010,7500000,4,3.0,HILLSBOROUGH,2630,22500,1955,8,2852,,Active,,,https://www.redfin.com/CA/Hillsborough/1950-Ralston-Ave-94010/home/1658194,MLSListings,ML81923312,N,Y,37.5720794,-122.3547228
MLS Listing,,Single Family Residential,16031 Matilija Dr,Los Gatos,CA,95030,5998500,5,4.5,LOS GATOS,4574,45600,1957,8,1311,,Active,April-8-2023 02:00 PM,April-8-2023 04:00 PM,https://www.redfin.com/CA/Los-Gatos/16031-Matilija-Dr-95030/home/1329743,MLSListings,ML81923293,N,Y,37.2355221,-122.0035128
MLS Listing,,Single Family Residential,17617 Bruce Ave,Los Gatos,CA,95030,3450000,4,3.0,LOS GATOS,2810,13511,1935,8,1228,,Active,April-8-2023 02:00 PM,April-8-2023 04:00 PM,https://www.redfin.com/CA/Los-Gatos/17617-Bruce-Ave-95030/home/824040,MLSListings,ML81922682,N,Y,37.2376874,-121.9787327
MLS Listing,,Single Family Residential,5828 Recife Way,San Jose,CA,95120,1899888,3,2.0,SAN JOSE,1858,8063,1971,8,1023,,Active,April-8-2023 02:00 PM,April-8-2023 04:00 PM,https://www.redfin.com/CA/San-Jose/5828-Recife-Way-95120/home/788288,MLSListings,ML81923206,N,Y,37.239127,-121.8813681
MLS Listing,,Single Family Residential,20565 Kirwin Ln,Cupertino,CA,95014,5198000,5,5.0,CUPERTINO,3630,9060,2023,8,1432,,Active,April-8-2023 01:30 PM,April-8-2023 04:30 PM,https://www.redfin.com/CA/Cupertino/20565-Kirwin-Ln-95014/home/1475882,MLSListings,ML81923203,N,Y,37.3135325,-122.0334234
MLS Listing,,Single Family Residential,1086 Hewitt Dr,San Carlos,CA,94070,1888000,3,2.0,SAN CARLOS,1470,10920,1958,8,1284,,Active,,,https://www.redfin.com/CA/San-Carlos/1086-Hewitt-Dr-94070/home/1881621,MLSListings,ML81923190,N,Y,37.488792,-122.2713427
MLS Listing,,Single Family Residential,2630 Parkway,Sunol,CA,94586,998000,1,1.0,Kilkare Woods,811,38102,1928,9,1231,72,Active,,,https://www.redfin.com/CA/Sunol/2630-Parkway-94586/home/1876030,"bridgeMLS, Bay East AOR, or Contra Costa AOR",41022657,N,Y,37.6305839,-121.9142985
MLS Listing,,Single Family Residential,1880 Carmelita Dr,San Carlos,CA,94070,7250000,6,6.0,SAN CARLOS,5205,21500,1948,9,1393,,Active,,,https://www.redfin.com/CA/San-Carlos/1880-Carmelita-Dr-94070/home/2040981,MLSListings,ML81923120,N,Y,37.5015889,-122.2666689
MLS Listing,,Single Family Residential,3213 UPPER LOCK Ave,Belmont,CA,94002,3998888,5,5.0,BELMONT,3073,9474,2023,9,1301,,Active,April-8-2023 02:00 PM,April-8-2023 04:00 PM,https://www.redfin.com/CA/Belmont/3213-Upper-Lock-Ave-94002/home/184898359,MLSListings,ML81923119,N,Y,37.5137855,-122.3148185
MLS Listing,,Single Family Residential,891 Moana Ct,Palo Alto,CA,94306,3498000,4,2.0,PALO ALTO,2120,22093,1960,9,1650,,Active,April-8-2023 01:30 PM,April-8-2023 04:30 PM,https://www.redfin.com/CA/Palo-Alto/891-Moana-Ct-94306/home/1104424,MLSListings,ML81923090,N,Y,37.3924738,-122.1288737
MLS Listing,,Single Family Residential,191 Garland Way,Los Altos,CA,94022,6750000,6,3.5,LOS ALTOS,3357,10897,2022,9,2011,,Active,April-8-2023 01:30 PM,April-8-2023 04:30 PM,https://www.redfin.com/CA/Los-Altos/191-Garland-Way-94022/home/1736030,MLSListings,ML81923084,N,Y,37.3849347,-122.1153858
MLS Listing,,Single Family Residential,15116 Blossom Hill Rd,Los Gatos,CA,95032,1475000,3,1.0,LOS GATOS,1304,14748,1940,9,1131,,Active,,,https://www.redfin.com/CA/Los-Gatos/15116-Blossom-Hill-Rd-95032/home/1678223,MLSListings,ML81923082,N,Y,37.2359413,-121.933245
MLS Listing,,Single Family Residential,3630 Kettmann Rd,San Jose,CA,95121,7999000,3,2.0,SAN JOSE,1300,361112,1937,10,6153,,Active,,,https://www.redfin.com/CA/San-Jose/3630-Kettmann-Rd-95121/home/28668229,MLSListings,ML81923037,N,Y,37.3050039,-121.793041
MLS Listing,,Single Family Residential,753 Frenchmans Rd,Stanford,CA,94305,4895000,5,4.5,STANFORD,5341,43560,1993,10,916,,Active,,,https://www.redfin.com/CA/Stanford/753-Frenchmans-Rd-94305/home/608009,MLSListings,ML81923034,N,Y,37.4146262,-122.16381
MLS Listing,,Condo/Co-op,1337 Wayne Way,San Mateo,CA,94403,1249000,2,2.5,SAN MATEO,1540,31684,2003,10,811,314,Active,April-8-2023 01:00 PM,April-8-2023 04:00 PM,https://www.redfin.com/CA/San-Mateo/1337-Wayne-Way-94403/home/1772839,MLSListings,ML81922037,N,Y,37.5471292,-122.2912648
MLS Listing,,Single Family Residential,1185 Husted Ave,San Jose,CA,95125,3950000,4,4.5,SAN JOSE,3996,9520,2023,10,988,,Active,April-8-2023 01:00 PM,April-8-2023 03:00 PM,https://www.redfin.com/CA/San-Jose/1185-Husted-Ave-95125/home/584519,MLSListings,ML81923010,N,Y,37.2854556,-121.888146
MLS Listing,,Single Family Residential,124 Pleasant Ridge Ave,San Jose,CA,95127,799424,2,1.0,SAN JOSE,1010,8100,1947,10,792,,Active,,,https://www.redfin.com/CA/San-Jose/124-Pleasant-Ridge-Ave-95127/home/652730,MLSListings,ML81916045,N,Y,37.36735,-121.835244
MLS Listing,,Single Family Residential,1040 Cathcart Way,Stanford,CA,94305,3250000,5,3.5,STANFORD,3318,15155,1970,10,980,,Active,April-8-2023 02:00 PM,April-8-2023 04:00 PM,https://www.redfin.com/CA/Stanford/1040-Cathcart-Way-94305/home/1021705,MLSListings,ML81922950,N,Y,37.4119759,-122.152895
MLS Listing,,Townhouse,38739 Aurora Ter,Fremont,CA,94536,650000,2,1.5,La Casa Real,1120,25322,1980,11,580,565,Active,,,https://www.redfin.com/CA/Fremont/38739-Aurora-Ter-94536/home/179444154,"bridgeMLS, Bay East AOR, or Contra Costa AOR",41022651,N,Y,37.568617,-121.965346
MLS Listing,,Single Family Residential,403 Montclair Rd,Los Gatos,CA,95032,2348000,5,5.5,LOS GATOS,4341,15309,2023,11,541,,Active,,,https://www.redfin.com/CA/Los-Gatos/403-Montclair-Rd-95032/home/45105755,MLSListings,ML81922847,N,Y,37.2524225,-121.9823298
MLS Listing,,Multi-Family (2-4 Unit),3175 Locke Dr,San Jose,CA,95111,1649000,8,4.0,SAN JOSE,3369,9963,1971,12,489,,Active,,,https://www.redfin.com/CA/San-Jose/3175-Locke-Dr-95111/home/1555932,MLSListings,ML81922804,N,Y,37.296447,-121.8279038
MLS Listing,,Single Family Residential,3333 Little Valley Rd,Sunol,CA,94586,4695000,6,4.5,Little Valley,6060,547985,1987,12,775,116,Active,,,https://www.redfin.com/CA/Sunol/3333-Little-Valley-Rd-94586/home/1275274,"bridgeMLS, Bay East AOR, or Contra Costa AOR",41022584,N,Y,37.621565,-121.8578407
MLS Listing,,Single Family Residential,1846 Saddle Park Pl,San Jose,CA,95138,4188888,6,5.5,SAN JOSE,4639,14600,2005,12,903,180,Active,,,https://www.redfin.com/CA/San-Jose/1846-Saddle-Park-Pl-95138/home/1049480,MLSListings,ML81922808,N,Y,37.283446,-121.7930572
MLS Listing,,Single Family Residential,38133 Fremont Blvd,Fremont,CA,94536,2750000,4,4.5,Central Fremont,3372,30400,1940,12,816,,Active,,,https://www.redfin.com/CA/Fremont/38133-Fremont-Blvd-94536/home/182515394,"bridgeMLS, Bay East AOR, or Contra Costa AOR",41022545,N,Y,37.5535976,-121.9987379
MLS Listing,,Single Family Residential,20 Shady Ln,Hillsborough,CA,94010,3998000,4,3.0,HILLSBOROUGH,2020,16159,1956,12,1979,,Active,April-8-2023 02:00 PM,April-8-2023 04:00 PM,https://www.redfin.com/CA/Hillsborough/20-Shady-Ln-94010/home/1377022,MLSListings,ML81922755,N,Y,37.5459509,-122.358021
MLS Listing,,Single Family Residential,1278 N Central Ave,San Jose,CA,95128,2798000,5,3.0,SAN JOSE,3226,8579,1964,12,867,,Active,April-8-2023 01:00 PM,April-8-2023 04:00 PM,https://www.redfin.com/CA/San-Jose/1278-N-Central-Ave-95128/home/1765061,MLSListings,ML81912446,N,Y,37.305807,-121.9431559
MLS Listing,,Single Family Residential,1489 Woodland Ave,Menlo Park,CA,94025,3495000,3,3.5,MENLO PARK,3115,10005,1940,12,1122,,Active,April-9-2023 01:30 PM,April-9-2023 04:30 PM,https://www.redfin.com/CA/Menlo-Park/1489-Woodland-Ave-94025/home/1425324,MLSListings,ML81922746,N,Y,37.458129,-122.1463746
MLS Listing,,Single Family Residential,10 Cathy Pl,Menlo Park,CA,94025,3988000,3,2.0,MENLO PARK,2170,11040,1950,12,1838,,Active,April-16-2023 01:30 PM,April-16-2023 04:30 PM,https://www.redfin.com/CA/Menlo-Park/10-Cathy-Pl-94025/home/1947961,MLSListings,ML81922745,N,Y,37.4424907,-122.186606
MLS Listing,,Single Family Residential,1748 Egret Ct,Hayward,CA,94544-4908,865000,3,2.0,Eden,1232,8736,1965,14,702,,Active,,,https://www.redfin.com/CA/Hayward/1748-Egret-Ct-94545/home/826273,"bridgeMLS, Bay East AOR, or Contra Costa AOR",41022496,N,Y,37.6207156,-122.0779402
MLS Listing,,Single Family Residential,4974 Shiloh Pl,San Jose,CA,95138,3200000,5,4.5,SAN JOSE,3910,14330,2003,14,818,125,Active,,,https://www.redfin.com/CA/San-Jose/4974-Shiloh-Pl-95138/home/1044973,MLSListings,ML81910494,N,Y,37.2903445,-121.7901051
MLS Listing,,Single Family Residential,535 Tennyson Ave,Palo Alto,CA,94301,6375000,4,3.5,PALO ALTO,3800,9995,1992,14,1678,,Active,April-8-2023 01:00 PM,April-8-2023 04:00 PM,https://www.redfin.com/CA/Palo-Alto/535-Tennyson-Ave-94301/home/1651513,MLSListings,ML81922686,N,Y,37.4388152,-122.1427371
MLS Listing,,Single Family Residential,5797 Algonquin Way,San Jose,CA,95138,3388000,4,3.5,SAN JOSE,3509,9213,1996,15,966,190,Active,,,https://www.redfin.com/CA/San-Jose/5797-Algonquin-Way-95138/home/976533,MLSListings,ML81922605,N,Y,37.2713516,-121.762688
MLS Listing,,Single Family Residential,2612 Graceland Ave,San Carlos,CA,94070,4098000,5,4.0,SAN CARLOS,3975,15488,1980,15,1031,,Active,April-8-2023 02:00 PM,April-8-2023 04:00 PM,https://www.redfin.com/CA/San-Carlos/2612-Graceland-Ave-94070/home/1741744,MLSListings,ML81922562,N,Y,37.4883793,-122.2688226
MLS Listing,,Single Family Residential,100 Shooting Star Isle,Foster City,CA,94404,3888000,5,3.5,FOSTER CITY,4119,17376,1975,15,944,,Active,April-8-2023 02:00 PM,April-8-2023 04:00 PM,https://www.redfin.com/CA/Foster-City/100-Shooting-Star-Isle-94404/home/2041473,MLSListings,ML81921850,N,Y,37.56007,-122.256864
MLS Listing,,Single Family Residential,17330 Parkside Ct,Monte Sereno,CA,95030,3950000,5,3.0,MONTE SERENO,3802,9148,1979,16,1039,,Active,April-8-2023 01:00 PM,April-8-2023 04:00 PM,https://www.redfin.com/CA/Monte-Sereno/17330-Parkside-Ct-95030/home/824456,MLSListings,ML81922010,N,Y,37.2456423,-121.9751934
MLS Listing,,Single Family Residential,115 Wika Ranch Ct,Redwood City,CA,94062,4900000,5,4.5,REDWOOD CITY,3928,19160,2022,16,1247,307,Active,April-8-2023 01:00 PM,April-8-2023 04:00 PM,https://www.redfin.com/CA/Redwood-City/115-Wika-Ranch-Ct-94062/home/175875571,MLSListings,ML81922511,N,Y,37.457337,-122.264854
MLS Listing,,Single Family Residential,76 Fairview Ave,Atherton,CA,94027,9880000,5,5.0,ATHERTON,5076,40569,1989,16,1946,,Active,,,https://www.redfin.com/CA/Atherton/76-Fairview-Ave-94027/home/883721,MLSListings,ML81922474,N,Y,37.440033,-122.2120088
MLS Listing,,Single Family Residential,1506 Cherry Garden Ln,San Jose,CA,95125,3189000,5,3.5,SAN JOSE,2537,8321,1963,16,1257,,Active,April-8-2023 01:00 PM,April-8-2023 04:00 PM,https://www.redfin.com/CA/San-Jose/1506-Cherry-Garden-Ln-95125/home/1385414,MLSListings,ML81921236,N,Y,37.2799227,-121.8960602
MLS Listing,,Single Family Residential,34329 Palomares Rd,Castro Valley,CA,94552,3595000,5,3.5,Castro Valley,3977,435000,1978,17,904,,Active,,,https://www.redfin.com/CA/Castro-Valley/34329-Palomares-Rd-94552/home/22680932,"bridgeMLS, Bay East AOR, or Contra Costa AOR",41022194,N,Y,37.6354736,-121.9570207
MLS Listing,,Single Family Residential,10036 Crescent Rd,Cupertino,CA,95014,4788800,5,4.0,CUPERTINO,3445,8975,2022,17,1390,,Active,April-8-2023 01:30 AM,April-8-2023 04:30 PM,https://www.redfin.com/CA/Cupertino/10036-Crescent-Rd-95014/home/168878668,MLSListings,ML81922311,N,Y,37.3235465,-122.0630151
MLS Listing,,Multi-Family (2-4 Unit),592-594 Harvard Ave,Santa Clara,CA,95051,1950000,5,3.0,SANTA CLARA,2202,8598,1966,17,886,,Active,April-8-2023 02:00 PM,April-8-2023 04:00 PM,https://www.redfin.com/CA/Santa-Clara/592-Harvard-Ave-95051/home/1672727,MLSListings,ML81922000,N,Y,37.332682,-121.995152
MLS Listing,,Single Family Residential,7 Cypress Ct,Los Altos,CA,94022,4788000,4,2.5,LOS ALTOS,3087,11600,1972,17,1551,,Active,April-15-2023 01:30 PM,April-15-2023 04:30 PM,https://www.redfin.com/CA/Los-Altos/7-Cypress-Ct-94022/home/547708,MLSListings,ML81922295,N,Y,37.3817604,-122.1248142
MLS Listing,,Single Family Residential,13332 Lennox Way,Los Altos Hills,CA,94022,4350000,4,2.5,LOS ALTOS HILLS,2794,25918,1963,17,1557,,Active,April-8-2023 01:30 PM,April-8-2023 04:30 PM,https://www.redfin.com/CA/Los-Altos-Hills/13332-Lennox-Way-94022/home/639164,MLSListings,ML81922293,N,Y,37.3727714,-122.120688
MLS Listing,,Condo/Co-op,320 Peninsula Ave #206,San Mateo,CA,94401,650000,1,1.5,Peninsula Plaza,952,50207,1987,18,683,470,Active,,,https://www.redfin.com/CA/San-Mateo/320-Peninsula-Ave-94401/unit-206/home/2059434,MetroList,423728903,N,Y,37.5777519,-122.3378981
MLS Listing,,Condo/Co-op,3959 Valerian Ter,Fremont,CA,94538,1299000,4,4.0,Fremont,1975,8549,2019,18,658,292,Active,April-8-2023 01:00 PM,April-8-2023 04:00 PM,https://www.redfin.com/CA/Fremont/3959-Valerian-Ter-94538/home/168829439,"bridgeMLS, Bay East AOR, or Contra Costa AOR",41021812,N,Y,37.5356613,-121.9620094
MLS Listing,,Single Family Residential,48 Patricia Dr,Atherton,CA,94027,12850000,4,5.5,ATHERTON,7559,52010,1995,19,1700,,Active,,,https://www.redfin.com/CA/Atherton/48-Patricia-Dr-94027/home/851899,MLSListings,ML81922111,N,Y,37.4624968,-122.2124926
MLS Listing,,Single Family Residential,20520 Montalvo Heights Dr,Saratoga,CA,95070,7888000,5,4.5,SARATOGA,4660,88072,2019,19,1693,,Active,April-8-2023 11:00 AM,April-8-2023 01:00 PM,https://www.redfin.com/CA/Saratoga/20520-Montalvo-Heights-Dr-95070/home/1841059,MLSListings,ML81920186,N,Y,37.2477733,-122.0328018
MLS Listing,,Single Family Residential,76 Logan Ln,Atherton,CA,94027,7995000,4,3.5,ATHERTON,3870,55575,1957,19,2066,,Active,,,https://www.redfin.com/CA/Atherton/76-Logan-Ln-94027/home/1823722,MLSListings,ML81922075,N,Y,37.464393,-122.2163154
MLS Listing,,Vacant Land,ELVA Ave,Saratoga,CA,95070,2200000,,,Saratoga,,15000,,19,,,Active,,,https://www.redfin.com/CA/Saratoga/Elva-Ave-95070/home/160823484,"bridgeMLS, Bay East AOR, or Contra Costa AOR",41021978,N,Y,37.261506,-122.038029
MLS Listing,,Single Family Residential,23 Flood Cir,Atherton,CA,94027,14995000,6,6.5,ATHERTON,7825,36200,2002,19,1916,,Active,,,https://www.redfin.com/CA/Atherton/23-Flood-Cir-94027/home/2057442,MLSListings,ML81922050,N,Y,37.4685309,-122.1811903
MLS Listing,,Single Family Residential,836 Harvard Ave,Menlo Park,CA,94025,7998000,7,7.5,MENLO PARK,4864,8400,2022,19,1644,,Active,,,https://www.redfin.com/CA/Menlo-Park/836-Harvard-Ave-94025/home/1454971,MLSListings,ML81922046,N,Y,37.4453481,-122.1756471
MLS Listing,,Single Family Residential,12290 Saratoga Creek Dr,Saratoga,CA,95070,3495000,4,2.5,SARATOGA,2714,13618,1968,19,1288,,Active,April-8-2023 12:00 PM,April-8-2023 04:00 PM,https://www.redfin.com/CA/Saratoga/12290-Saratoga-Creek-Dr-95070/home/569281,MLSListings,ML81921169,N,Y,37.2890341,-122.0026466
MLS Listing,,Single Family Residential,2266 Plummer Ave,San Jose,CA,95125,3288888,5,5.5,SAN JOSE,3705,8926,2013,20,888,,Active,April-8-2023 01:00 PM,April-8-2023 04:00 PM,https://www.redfin.com/CA/San-Jose/2266-Plummer-Ave-95125/home/1064029,MLSListings,ML81922036,N,Y,37.2846637,-121.9001282
MLS Listing,,Single Family Residential,3826 Naughton Ave,Belmont,CA,94002,3898000,4,3.5,BELMONT,2965,8250,2020,22,1315,,Active,April-8-2023 02:00 PM,April-8-2023 04:00 PM,https://www.redfin.com/CA/Belmont/3826-Naughton-Ave-94002/home/146727290,MLSListings,ML81921884,N,Y,37.5142029,-122.3193833
MLS Listing,,Single Family Residential,5581 Country Club Pkwy,San Jose,CA,95138,3490000,4,3.5,SAN JOSE,4299,19323,2001,22,812,130,Active,,,https://www.redfin.com/CA/San-Jose/5581-Country-Club-Pkwy-95138/home/1104575,MLSListings,ML81911880,N,Y,37.2711313,-121.7730147
MLS Listing,,Single Family Residential,1260 Albion Ln,Sunnyvale,CA,94087,2599988,4,2.0,SUNNYVALE,1986,8712,1977,22,1309,,Active,April-8-2023 01:00 PM,April-8-2023 04:30 PM,https://www.redfin.com/CA/Sunnyvale/1260-Albion-Ln-94087/home/768425,MLSListings,ML81921835,N,Y,37.3516119,-122.0612616
MLS Listing,,Single Family Residential,1098 S Genevieve Ln,San Jose,CA,95128,2298000,4,3.5,SAN JOSE,2768,8986,1960,23,830,,Active,April-8-2023 01:00 PM,April-8-2023 04:30 PM,https://www.redfin.com/CA/San-Jose/1098-S-Genevieve-Ln-95128/home/1502319,MLSListings,ML81921804,N,Y,37.30718,-121.9420893
MLS Listing,,Single Family Residential,177 Alamos Rd,Portola Valley,CA,94028,7895000,1,2.0,PORTOLA VALLEY,2390,140289,1992,23,3303,,Active,April-8-2023 01:00 PM,April-8-2023 04:00 PM,https://www.redfin.com/CA/Portola-Valley/177-Alamos-Rd-94028/home/2009652,MLSListings,ML81921745,N,Y,37.3941819,-122.1954016
MLS Listing,,Single Family Residential,2280 Ralston Ave,Belmont,CA,94002,4895000,5,5.5,BELMONT,4050,24913,2022,23,1209,,Active,,,https://www.redfin.com/CA/Belmont/2280-Ralston-Ave-94002/home/182326953,MLSListings,ML81921739,N,Y,37.5115282,-122.2998501
MLS Listing,,Single Family Residential,1560 Wakefield Ter,Los Altos,CA,94024,3800000,4,3.0,LOS ALTOS,2752,10587,1956,23,1381,,Active,April-8-2023 02:00 PM,April-8-2023 04:00 PM,https://www.redfin.com/CA/Los-Altos/1560-Wakefield-Ter-94024/home/649745,MLSListings,ML81921687,N,Y,37.3524388,-122.0698292
MLS Listing,,Single Family Residential,40 Crescent Dr,Palo Alto,CA,94301,10250000,6,5.0,PALO ALTO,4898,17066,1936,23,2093,,Active,,,https://www.redfin.com/CA/Palo-Alto/40-Crescent-Dr-94301/home/1158434,MLSListings,ML81921683,N,Y,37.4570585,-122.1450882
MLS Listing,,Single Family Residential,12953 W Sunset Dr,Los Altos Hills,CA,94022,7998000,5,3.5,LOS ALTOS HILLS,4356,45249,1967,23,1836,,Active,,,https://www.redfin.com/CA/Los-Altos-Hills/12953-W-Sunset-Dr-94022/home/1855163,MLSListings,ML81921682,N,Y,37.3705239,-122.1262217
MLS Listing,,Condo/Co-op,2348 Kinetic Cmn #207,Fremont,CA,94538,1185000,2,2.0,Warm Springs,1766,25376,2021,23,671,620,Active,April-8-2023 01:00 PM,April-8-2023 04:00 PM,https://www.redfin.com/CA/Fremont/2348-Kinetic-Cmn-94539/unit-207/home/148052610,"bridgeMLS, Bay East AOR, or Contra Costa AOR",41020495,N,Y,37.5049446,-121.9352036
MLS Listing,,Single Family Residential,130 Tuscaloosa Ave,Atherton,CA,94027,9695000,5,4.5,ATHERTON,4670,38768,1936,24,2076,,Active,April-8-2023 01:00 PM,April-8-2023 04:00 PM,https://www.redfin.com/CA/Atherton/130-Tuscaloosa-Ave-94027/home/1754033,MLSListings,ML81921607,N,Y,37.4558508,-122.2094781
MLS Listing,,Single Family Residential,67 Rosewood Dr,Atherton,CA,94027,12500000,7,8.5,ATHERTON,10345,41638,2010,24,1208,,Active,,,https://www.redfin.com/CA/Atherton/67-Rosewood-Dr-94027/home/851112,MLSListings,ML81921602,N,Y,37.473371,-122.177217
MLS Listing,,Single Family Residential,7832 Foothill Rd,Pleasanton,CA,94566,3988000,5,3.5,Pleasanton,4477,40000,1993,24,891,,Active,,,https://www.redfin.com/CA/Pleasanton/7832-Foothill-Rd-94566/home/1473891,"bridgeMLS, Bay East AOR, or Contra Costa AOR",41021565,N,Y,37.6286952,-121.8850335
MLS Listing,,Multi-Family (2-4 Unit),3309-3311 Shasta Dr,San Mateo,CA,94403,2850000,4,4.0,SAN MATEO,3550,13600,1964,25,803,,Active,,,https://www.redfin.com/CA/San-Mateo/3309-Shasta-Dr-94403/home/748978,MLSListings,ML81921485,N,Y,37.5304711,-122.3259055
MLS Listing,,Single Family Residential,909 Schiele Ave,San Jose,CA,95126,2599000,5,4.0,SAN JOSE,3683,8823,1889,25,706,,Active,April-8-2023 01:30 PM,April-8-2023 04:30 PM,https://www.redfin.com/CA/San-Jose/909-Schiele-Ave-95126/home/705591,MLSListings,ML81921469,N,Y,37.3373484,-121.9143541
MLS Listing,,Single Family Residential,1015 Willow Glen Way,San Jose,CA,95125,4358000,6,5.5,SAN JOSE,4740,8169,2023,26,919,,Active,April-8-2023 01:00 PM,April-8-2023 04:00 PM,https://www.redfin.com/CA/San-Jose/1015-Willow-Glen-Way-95125/home/840533,MLSListings,ML81919609,N,Y,37.301778,-121.8926256
MLS Listing,,Single Family Residential,598 Ginkgo Ter,Fremont,CA,94539,1748000,4,3.5,Fremont,2045,14307,2009,26,855,115,Active,April-9-2023 02:00 PM,April-9-2023 04:00 PM,https://www.redfin.com/CA/Fremont/598-Ginkgo-Ter-94539/home/22962615,"bridgeMLS, Bay East AOR, or Contra Costa AOR",41021430,N,Y,37.4612066,-121.9182655
MLS Listing,,Single Family Residential,20301 La Paloma Ave,Saratoga,CA,95070,2595000,3,2.5,SARATOGA,1528,10050,1942,26,1698,,Active,April-8-2023 01:00 PM,April-8-2023 04:00 PM,https://www.redfin.com/CA/Saratoga/20301-La-Paloma-Ave-95070/home/810072,MLSListings,ML81921427,N,Y,37.2599251,-122.0282994
MLS Listing,,Multi-Family (5+ Unit),2760-70 Melendy Dr,San Carlos,CA,94070,8850000,18,27.0,SAN CARLOS,27000,39000,1964,26,328,,Active,,,https://www.redfin.com/CA/San-Carlos/2760-Melendy-Dr-94070/home/1461831,MLSListings,ML81921390,N,Y,37.4924326,-122.2760427
MLS Listing,,Townhouse,924 Woodside Rd,Redwood City,CA,94061,1950000,3,3.0,REDWOOD CITY,2015,13630,2023,29,968,560,Active,April-9-2023 02:00 PM,April-9-2023 04:00 PM,https://www.redfin.com/CA/Redwood-City/924-Woodside-Rd-94061/home/184682404,MLSListings,ML81921262,N,Y,37.4646203,-122.2251233
MLS Listing,,Single Family Residential,17203 Eaton Ln,Monte Sereno,CA,95030,4295000,5,3.0,699 - Not Defined,2985,13905,1976,29,1439,,Active,April-8-2023 02:00 PM,April-8-2023 04:30 PM,https://www.redfin.com/CA/Monte-Sereno/17203-Eaton-Ln-95030/home/1235160,CRMLS,FR23040431,N,Y,37.2496197,-121.9709773
MLS Listing,,Single Family Residential,930 High Rd,Woodside,CA,94062,7988000,6,5.5,WOODSIDE,4405,70044,1995,29,1813,,Active,,,https://www.redfin.com/CA/Woodside/930-High-Rd-94062/home/877321,MLSListings,ML81919164,N,Y,37.4425168,-122.2398093
MLS Listing,,Single Family Residential,831 Arroyo Rd,Los Altos,CA,94024,6980000,5,4.5,LOS ALTOS,3619,13117,2023,29,1929,,Active,,,https://www.redfin.com/CA/Los-Altos/831-Arroyo-Rd-94024/home/1691618,MLSListings,ML81921025,N,Y,37.3821697,-122.0910011
MLS Listing,,Single Family Residential,204 Devonshire Blvd,San Carlos,CA,94070,4898000,6,5.0,SAN CARLOS,4556,13300,1937,29,1075,,Active,April-9-2023 02:00 PM,April-9-2023 04:00 PM,https://www.redfin.com/CA/San-Carlos/204-Devonshire-Blvd-94070/home/780570,MLSListings,ML81921187,N,Y,37.4985423,-122.2808713
MLS Listing,,Condo/Co-op,1445 Fruitdale Ave #115,San Jose,CA,95128,770000,2,2.0,SAN JOSE,1216,511216226560,2009,30,633,501,Active,April-8-2023 01:00 PM,April-8-2023 04:00 PM,https://www.redfin.com/CA/San-Jose/1445-Fruitdale-Ave-95128/unit-115/home/21651502,MLSListings,ML81920986,N,Y,37.3113172,-121.9162433
MLS Listing,,Single Family Residential,1066 Cross Springs Ct,San Jose,CA,95120,2448998,4,3.0,SAN JOSE,3273,8085,1979,31,748,,Active,,,https://www.redfin.com/CA/San-Jose/1066-Cross-Springs-Ct-95120/home/1810215,MLSListings,ML81921020,N,Y,37.2352216,-121.8716211
MLS Listing,,Single Family Residential,1122 Nevada Ave,San Jose,CA,95125,4699000,4,3.5,SAN JOSE,5242,12552,2000,31,896,,Active,,,https://www.redfin.com/CA/San-Jose/1122-Nevada-Ave-95125/home/1452572,MLSListings,ML81919912,N,Y,37.3003617,-121.8964381
MLS Listing,,Single Family Residential,10146 Alpine Dr,Cupertino,CA,95014,5500000,8,8.0,CUPERTINO,4550,10897,1975,31,1209,,Active,,,https://www.redfin.com/CA/Cupertino/10146-Alpine-Dr-95014/home/182326651,MLSListings,ML81920880,N,Y,37.3254346,-122.0662113
MLS Listing,,Single Family Residential,1510 Hillview Dr,Los Altos,CA,94024,6395000,4,4.5,LOS ALTOS,4311,27880,2005,31,1483,,Active,,,https://www.redfin.com/CA/Los-Altos/1510-Hillview-Dr-94024/home/1238543,MLSListings,ML81920893,N,Y,37.3544042,-122.1035003
MLS Listing,,Single Family Residential,7183 Calais Pl,Newark,CA,94560,1988888,5,3.0,Lido Faire,2717,10164,1961,32,732,,Active,April-8-2023 01:00 PM,April-8-2023 04:00 PM,https://www.redfin.com/CA/Newark/7183-Calais-Pl-94560/home/853221,"bridgeMLS, Bay East AOR, or Contra Costa AOR",41020812,N,Y,37.5382999,-122.0503032
MLS Listing,,Condo/Co-op,39940 Fremont Blvd #6,Fremont,CA,94538,441111,1,1.0,Downtown Fremont,730,129105,1972,32,604,445,Active,,,https://www.redfin.com/CA/Fremont/39940-Fremont-Blvd-94538/unit-6/home/183055739,"bridgeMLS, Bay East AOR, or Contra Costa AOR",41014904,N,Y,37.542077,-121.973889
MLS Listing,,Condo/Co-op,39109 Guardino Dr #239,Fremont,CA,94538,559999,2,1.0,FREMONT,857,266151,1987,32,653,614,Active,,,https://www.redfin.com/CA/Fremont/39109-Guardino-Dr-94538/unit-239/home/1538217,MLSListings,ML81920826,N,Y,37.5581389,-121.971217
MLS Listing,,Condo/Co-op,42111 Osgood Rd #214,Fremont,CA,94539,643800,2,2.0,FREMONT,906,,2022,32,711,552,Active,,,https://www.redfin.com/CA/Fremont/42111-Osgood-Rd-94539/unit-214/home/168829520,MLSListings,ML81918459,N,Y,37.5279134,-121.9512306
MLS Listing,,Single Family Residential,1569 Via Di Salerno,Pleasanton,CA,94566,5900000,6,6.0,Ruby Hill,8300,30097,2003,32,711,275,Active,April-8-2023 02:00 PM,April-8-2023 04:00 PM,https://www.redfin.com/CA/Pleasanton/1569-Via-Di-Salerno-94566/home/1584317,"bridgeMLS, Bay East AOR, or Contra Costa AOR",41020694,N,Y,37.6354299,-121.8107524
MLS Listing,,Single Family Residential,14288 Capri Dr,Los Gatos,CA,95032,2250000,3,2.0,LOS GATOS,1550,23270,1941,33,1452,,Active,,,https://www.redfin.com/CA/Los-Gatos/14288-Capri-Dr-95032/home/820471,MLSListings,ML81920755,N,Y,37.2607442,-121.9632415
MLS Listing,,Single Family Residential,1516 Newport Ave,San Jose,CA,95125,5100000,4,3.5,SAN JOSE,4970,52272,1876,33,1026,,Active,,,https://www.redfin.com/CA/San-Jose/1516-Newport-Ave-95125/home/1582736,MLSListings,ML81920695,N,Y,37.2998598,-121.8992391
MLS Listing,,Single Family Residential,595 Morey Dr,Menlo Park,CA,94025,3688000,3,2.0,MENLO PARK,1240,8000,1945,33,2974,,Active,,,https://www.redfin.com/CA/Menlo-Park/595-Morey-Dr-94025/home/1091594,MLSListings,ML81920668,N,Y,37.4492719,-122.1804747
MLS Listing,,Vacant Land,11435 Clayton Rd,San Jose,CA,95127,450000,,,San Jose,,51837,,33,,,Active,,,https://www.redfin.com/CA/San-Jose/11435-Clayton-Rd-95127/home/44635939,"bridgeMLS, Bay East AOR, or Contra Costa AOR",41020834,N,Y,37.3581473,-121.7921634
MLS Listing,,Single Family Residential,2135 Emerson St,Palo Alto,CA,94301,11995000,7,6.5,PALO ALTO,5588,10000,2022,34,2147,,Active,,,https://www.redfin.com/CA/Palo-Alto/2135-Emerson-St-94301/home/1135867,MLSListings,ML81919830,N,Y,37.4319112,-122.1420273
MLS Listing,,Vacant Land,231 Cavalo Ct,Fremont,CA,94539,1890000,,,Fremont,,13308,,35,,225,Active,,,https://www.redfin.com/CA/Fremont/231-Cavalo-Ct-94539/home/168827144,"bridgeMLS, Bay East AOR, or Contra Costa AOR",41020785,N,Y,37.545724,-121.927975
MLS Listing,,Single Family Residential,20150 Cherry Ln,Saratoga,CA,95070,3500000,4,2.0,SARATOGA,2360,11550,1958,36,1483,,Active,April-8-2023 01:00 PM,April-8-2023 04:00 PM,https://www.redfin.com/CA/Saratoga/20150-Cherry-Ln-95070/home/1535820,MLSListings,ML81920569,N,Y,37.2861223,-122.0256523
MLS Listing,,Single Family Residential,2 Homs Ct,Hillsborough,CA,94010,11888000,6,6.5,HILLSBOROUGH,8811,33976,1986,36,1349,,Active,,,https://www.redfin.com/CA/Hillsborough/2-Homs-Ct-94010/home/1377180,MLSListings,ML81920512,N,Y,37.5638765,-122.3361269
MLS Listing,,Single Family Residential,13770 Robleda Rd,Los Altos Hills,CA,94022,10985000,5,5.5,LOS ALTOS HILLS,4984,59469,1950,36,2204,,Active,April-8-2023 01:00 PM,April-8-2023 04:00 PM,https://www.redfin.com/CA/Los-Altos-Hills/13770-Robleda-Rd-94022/home/1487870,MLSListings,ML81920482,N,Y,37.3787049,-122.1261957
MLS Listing,,Single Family Residential,1550 PORTOLA Rd,Woodside,CA,94062,15800000,5,5.5,WOODSIDE,8238,305791,1915,36,1918,,Active,,,https://www.redfin.com/CA/Woodside/1550-Portola-Rd-94062/home/1525089,MLSListings,ML81920461,N,Y,37.3967544,-122.2443648
MLS Listing,,Single Family Residential,1385 Canada Rd,Woodside,CA,94062,12995000,4,4.0,WOODSIDE,7755,174240,2011,37,1676,,Active,,,https://www.redfin.com/CA/Woodside/1385-Canada-Rd-94062/home/894824,MLSListings,ML81918217,N,Y,37.4343673,-122.2551528
MLS Listing,,Single Family Residential,2586 Cottle Ave,San Jose,CA,95125,2599000,3,3.0,SAN JOSE,2457,15777,1951,37,1058,,Active,,,https://www.redfin.com/CA/San-Jose/2586-Cottle-Ave-95125/home/840634,MLSListings,ML81917054,N,Y,37.2810104,-121.8889352
MLS Listing,,Single Family Residential,15193 Cooper Ave,San Jose,CA,95124,1898000,3,2.0,SAN JOSE,1413,8540,1953,37,1343,,Active,,,https://www.redfin.com/CA/San-Jose/15193-Cooper-Ave-95124/home/835952,MLSListings,ML81920038,N,Y,37.2478809,-121.9387116
MLS Listing,,Single Family Residential,15401 Madrone Hill Rd,Saratoga,CA,95070,4850000,4,3.0,SARATOGA,3690,56675,1972,37,1314,,Active,April-8-2023 01:30 PM,April-8-2023 04:30 PM,https://www.redfin.com/CA/Saratoga/15401-Madrone-Hill-Rd-95070/home/1519313,MLSListings,ML81913316,N,Y,37.244747,-122.028561
MLS Listing,,Single Family Residential,14381 Miranda Way,Los Altos Hills,CA,94022,4995000,3,2.5,LOS ALTOS HILLS,2519,43435,1954,38,1983,,Active,April-8-2023 02:00 PM,April-8-2023 04:00 PM,https://www.redfin.com/CA/Los-Altos-Hills/14381-Miranda-Way-94022/home/768819,MLSListings,ML81897702,N,Y,37.386838,-122.1294061
MLS Listing,,Single Family Residential,16172 Rose Ave,Monte Sereno,CA,95030,6625000,4,4.0,MONTE SERENO,5104,17643,2015,38,1298,,Active,,,https://www.redfin.com/CA/Monte-Sereno/16172-Rose-Ave-95030/home/52672693,MLSListings,ML81918802,N,Y,37.2327912,-121.9846562
MLS Listing,,Single Family Residential,351 Martens Ave,Mountain View,CA,94040,6150000,6,6.5,MOUNTAIN VIEW,4012,15288,2022,38,1533,,Active,,,https://www.redfin.com/CA/Mountain-View/351-Martens-Ave-94040/home/181233993,MLSListings,ML81908519,N,Y,37.3743551,-122.0732214
MLS Listing,,Vacant Land,41580 Fremont Blvd,Fremont,CA,94538,2000000,,,Fremont,,19161,,38,,,Active,,,https://www.redfin.com/CA/Fremont/41580-Fremont-Blvd-94538/home/22685392,"bridgeMLS, Bay East AOR, or Contra Costa AOR",41020453,N,Y,37.527135,-121.957697
MLS Listing,,Single Family Residential,511 Patricia Ln,Palo Alto,CA,94303,3885000,5,2.0,PALO ALTO,1780,8852,1951,38,2183,,Active,April-8-2023 02:00 PM,April-8-2023 04:00 PM,https://www.redfin.com/CA/Palo-Alto/511-Patricia-Ln-94303/home/544072,MLSListings,ML81919049,N,Y,37.4527188,-122.1322233
MLS Listing,,Single Family Residential,510-512 Romberg Dr,Sunnyvale,CA,94087,2495000,5,4.0,SUNNYVALE,2570,8801,1971,38,971,,Active,April-8-2023 01:00 PM,April-8-2023 04:00 PM,https://www.redfin.com/CA/Sunnyvale/510-Romberg-Dr-94087/home/663741,MLSListings,ML81920209,N,Y,37.3530851,-122.0300619
MLS Listing,,Other,56 S 28th St,San Jose,CA,95116,2649000,10,5.0,SAN JOSE,4952,16440,1946,39,535,,Active,,,https://www.redfin.com/CA/San-Jose/56-S-28th-St-95116/home/1607822,MLSListings,ML81920120,N,Y,37.3477728,-121.8633167
MLS Listing,,Single Family Residential,1025 Lincoln Ave,Palo Alto,CA,94301,19500000,6,7.0,PALO ALTO,6101,21505,1936,39,3196,,Active,,,https://www.redfin.com/CA/Palo-Alto/1025-Lincoln-Ave-94301/home/1625790,MLSListings,ML81920077,N,Y,37.4520912,-122.1472617
MLS Listing,,Condo/Co-op,42111 Osgood Rd #504,Fremont,CA,94539,797800,3,2.0,FREMONT,1082,,2022,39,737,570,Active,,,https://www.redfin.com/CA/Fremont/42111-Osgood-Rd-94539/unit-504/home/168829588,MLSListings,ML81919838,N,Y,37.5279134,-121.9512306
MLS Listing,,Single Family Residential,92 Sunnyside Ave,Campbell,CA,95008,2749000,4,4.0,CAMPBELL,2762,8693,1906,40,995,,Active,,,https://www.redfin.com/CA/Campbell/92-Sunnyside-Ave-95008/home/1127855,MLSListings,ML81920010,N,Y,37.2826807,-121.9481789
MLS Listing,,Condo/Co-op,42111 Osgood Rd #525,Fremont,CA,94539,607800,1,1.0,FREMONT,934,,2022,40,651,555,Active,,,https://www.redfin.com/CA/Fremont/42111-Osgood-Rd-94539/unit-525/home/168829602,MLSListings,ML81917994,N,Y,37.5279134,-121.9512306
MLS Listing,,Single Family Residential,1670 Old Piedmont Rd,San Jose,CA,95132,1780000,3,2.0,SAN JOSE,1800,98030,1977,42,989,,Active,April-8-2023 12:00 PM,April-8-2023 05:00 PM,https://www.redfin.com/CA/San-Jose/1670-Old-Piedmont-Rd-95132/home/574042,MLSListings,ML81919905,N,Y,37.4116329,-121.849834
MLS Listing,,Single Family Residential,60 Santiago Ave,Atherton,CA,94027,13500000,4,3.5,ATHERTON,6022,43750,1988,43,2242,,Active,,,https://www.redfin.com/CA/Atherton/60-Santiago-Ave-94027/home/1762042,MLSListings,ML81919850,N,Y,37.4443997,-122.2002787
MLS Listing,,Condo/Co-op,42111 Osgood Rd #422,Fremont,CA,94539,663800,2,2.0,FREMONT,1046,,2022,43,635,552,Active,,,https://www.redfin.com/CA/Fremont/42111-Osgood-Rd-94539/unit-422/home/168829575,MLSListings,ML81919829,N,Y,37.5279134,-121.9512306
MLS Listing,,Single Family Residential,895 Regent Ct,San Carlos,CA,94070,2888888,4,3.5,SAN CARLOS,2260,22500,1968,43,1278,,Active,April-8-2023 01:00 PM,April-8-2023 04:00 PM,https://www.redfin.com/CA/San-Carlos/895-Regent-Ct-94070/home/793374,MLSListings,ML81919811,N,Y,37.487345,-122.285338
MLS Listing,,Single Family Residential,2417 Read Ave,Belmont,CA,94002,3350000,4,3.0,BELMONT,2780,10000,1956,44,1205,,Active,April-9-2023 01:00 PM,April-9-2023 04:00 PM,https://www.redfin.com/CA/Belmont/2417-Read-Ave-94002/home/1808073,MLSListings,ML81919642,N,Y,37.516606,-122.299584
MLS Listing,,Single Family Residential,1690 Edgewood Dr,Palo Alto,CA,94303,4995000,5,3.0,PALO ALTO,2995,10309,2014,45,1668,,Active,,,https://www.redfin.com/CA/Palo-Alto/1690-Edgewood-Dr-94303/home/1429327,MLSListings,ML81919614,N,Y,37.4527169,-122.1317353
MLS Listing,,Multi-Family (5+ Unit),772 & 776 S 2nd St,San Jose,CA,95112,2550000,6,5.0,SAN JOSE,4998,10018,1898,45,510,,Active,,,https://www.redfin.com/CA/San-Jose/772-S-Second-St-95112/home/182701327,MLSListings,ML81919603,N,Y,37.3250935,-121.880479
MLS Listing,,Single Family Residential,27421 Sherlock Rd,Los Altos Hills,CA,94022,6495000,4,3.0,LOS ALTOS HILLS,3800,84624,1988,45,1709,,Active,,,https://www.redfin.com/CA/Los-Altos-Hills/27421-Sherlock-Rd-94022/home/143043045,MLSListings,ML81916884,N,Y,37.3573103,-122.1622313
MLS Listing,,Single Family Residential,1795 Foxworthy Ave,San Jose,CA,95124,1795000,6,2.5,SAN JOSE,2303,10471,1956,45,779,,Active,,,https://www.redfin.com/CA/San-Jose/1795-Foxworthy-Ave-95124/home/1265673,MLSListings,ML81919556,N,Y,37.2682155,-121.9165178
MLS Listing,,Single Family Residential,1923 Willow St,San Jose,CA,95125,1919000,4,2.5,SAN JOSE,2009,9960,1952,45,955,,Active,,,https://www.redfin.com/CA/San-Jose/1923-Willow-St-95125/home/727675,MLSListings,ML81919533,N,Y,37.3005088,-121.9206885
MLS Listing,,Single Family Residential,182 Poplar Ave,Campbell,CA,95008,1650000,3,1.0,CAMPBELL,1178,35297,1945,46,1401,,Active,April-8-2023 02:00 PM,April-8-2023 05:00 PM,https://www.redfin.com/CA/Campbell/182-Poplar-Ave-95008/home/1095811,MLSListings,ML81919464,N,Y,37.2899076,-121.937645
MLS Listing,,Single Family Residential,14830 Blossom Hill Rd,Los Gatos,CA,95032,5300000,5,4.5,LOS GATOS,3992,28258,2008,46,1328,,Active,April-8-2023 02:00 PM,April-8-2023 04:00 PM,https://www.redfin.com/CA/Los-Gatos/14830-Blossom-Hill-Rd-95032/home/12129593,MLSListings,ML81919447,N,Y,37.2357572,-121.9281559
MLS Listing,,Vacant Land,968 Happy Valley Rd,Pleasanton,CA,94566-9742,1350000,,,Pleasanton,,45259,,46,,,Active,,,https://www.redfin.com/CA/Pleasanton/968-Happy-Valley-Rd-94566/home/22670945,"bridgeMLS, Bay East AOR, or Contra Costa AOR",41019745,N,Y,37.6331309,-121.8717155
MLS Listing,,Condo/Co-op,42111 Osgood Rd #315,Fremont,CA,94539,783800,3,2.0,FREMONT,1118,,2022,47,701,573,Active,,,https://www.redfin.com/CA/Fremont/42111-Osgood-Rd-94539/unit-315/home/168829545,MLSListings,ML81917966,N,Y,37.5279134,-121.9512306
MLS Listing,,Single Family Residential,1995 Old Calaveras Rd,Milpitas,CA,95035,11990000,3,2.0,MILPITAS,1750,848172,1933,47,6851,,Active,,,https://www.redfin.com/CA/Milpitas/1995-Old-Calaveras-Rd-95035/home/22724309,MLSListings,ML81911879,N,Y,37.445883,-121.87523
MLS Listing,,Single Family Residential,12661 Robleda Rd,Los Altos Hills,CA,94022,14500000,6,6.5,Los Altos Hills,8610,63103,2008,50,1684,,Active,April-8-2023 01:00 PM,April-8-2023 05:00 PM,https://www.redfin.com/CA/Los-Altos-Hills/12661-Robleda-Rd-94022/home/637218,San Francisco MLS,423721980,N,Y,37.3679528,-122.1345524
MLS Listing,,Single Family Residential,23 Castlewood Dr,Pleasanton,CA,94566,2799950,4,2.5,Castlewood,3044,16055,1969,50,920,8,Active,April-8-2023 11:00 AM,April-8-2023 02:00 PM,https://www.redfin.com/CA/Pleasanton/23-Castlewood-Dr-94566/home/1456548,"bridgeMLS, Bay East AOR, or Contra Costa AOR",41018650,N,Y,37.6326571,-121.8915252
MLS Listing,,Single Family Residential,2777 Richland Ave,San Jose,CA,95125,2888000,4,3.5,SAN JOSE,3010,11500,1957,50,959,,Active,,,https://www.redfin.com/CA/San-Jose/2777-Richland-Ave-95125/home/848841,MLSListings,ML81918964,N,Y,37.280029,-121.8855047
MLS Listing,,Vacant Land,4349 San Felipe Rd,San Jose,CA,95135,1588888,,,San Jose,,31596,,50,,,Active,,,https://www.redfin.com/CA/San-Jose/4349-San-Felipe-Rd-95135/home/681724,"bridgeMLS, Bay East AOR, or Contra Costa AOR",41019553,N,Y,37.3034939,-121.7765086
MLS Listing,,Single Family Residential,1055 Woodland Dr,Hillsborough,CA,94010,4595000,4,3.0,HILLSBOROUGH,3110,22475,1969,50,1477,,Active,,,https://www.redfin.com/CA/Hillsborough/1055-Woodland-Dr-94010/home/1539985,MLSListings,ML81919182,N,Y,37.5482493,-122.3295069
MLS Listing,,Condo/Co-op,42111 Osgood Rd #221,Fremont,CA,94539,598800,1,1.0,FREMONT,1017,,2022,50,589,563,Active,,,https://www.redfin.com/CA/Fremont/42111-Osgood-Rd-94539/unit-221/home/168829527,MLSListings,ML81917962,N,Y,37.5279134,-121.9512306
MLS Listing,,Single Family Residential,912 N California Ave,Palo Alto,CA,94303,9888000,5,5.5,PALO ALTO,4333,13425,2020,51,2282,,Active,April-8-2023 02:00 PM,April-8-2023 04:00 PM,https://www.redfin.com/CA/Palo-Alto/912-N-California-Ave-94303/home/168865570,MLSListings,ML81916080,N,Y,37.442843,-122.1309367
MLS Listing,,Single Family Residential,13740 Pierce Rd,Saratoga,CA,95070,13400000,8,10.0,SARATOGA,10501,378157,2017,51,1276,,Active,,,https://www.redfin.com/CA/Saratoga/13740-Pierce-Rd-95070/home/1419093,MLSListings,ML81919048,N,Y,37.2680012,-122.0466774
MLS Listing,,Single Family Residential,24892 Olive Tree Ln,Los Altos Hills,CA,94024,12980000,5,6.5,LOS ALTOS HILLS,5689,65582,1990,51,2282,,Active,,,https://www.redfin.com/CA/Los-Altos-Hills/24892-Olive-Tree-Ln-94024/home/778944,MLSListings,ML81919044,N,Y,37.3428276,-122.1246146
MLS Listing,,Single Family Residential,818 Seale Ave,Palo Alto,CA,94303,5495000,4,3.5,PALO ALTO,3141,9514,1949,51,1749,,Active,April-8-2023 02:00 PM,April-8-2023 04:00 PM,https://www.redfin.com/CA/Palo-Alto/818-Seale-Ave-94303/home/547190,MLSListings,ML81919042,N,Y,37.4420926,-122.1367484
MLS Listing,,Single Family Residential,11331 Entrada Pl,Los Altos,CA,94024,5995000,5,5.5,LOS ALTOS,4819,52955,2007,51,1244,,Active,,,https://www.redfin.com/CA/Los-Altos/11331-Entrada-Pl-94024/home/775287,MLSListings,ML81919028,N,Y,37.3471572,-122.1028724
MLS Listing,,Single Family Residential,2891 Homestead Rd,Santa Clara,CA,95051,1888888,3,1.0,SANTA CLARA,1500,17011,1920,51,1259,,Active,,,https://www.redfin.com/CA/Santa-Clara/2891-Homestead-Rd-95051/home/1047208,MLSListings,ML81919015,N,Y,37.3381795,-121.9790586
MLS Listing,,Single Family Residential,2058 Rutherford Ln,Fremont,CA,94539,4350000,6,7.0,Vineyard Heights,5519,24162,2000,52,788,165,Active,,,https://www.redfin.com/CA/Fremont/2058-Rutherford-Ln-94539/home/1878694,"bridgeMLS, Bay East AOR, or Contra Costa AOR",41019285,N,Y,37.5104,-121.9091308
MLS Listing,,Single Family Residential,2978 Delancey Ct,San Jose,CA,95135,2899800,6,4.5,SAN JOSE,3705,8393,2003,53,783,,Active,,,https://www.redfin.com/CA/San-Jose/2978-Delancey-Ct-95135/home/1786941,MLSListings,ML81918867,N,Y,37.3053998,-121.7765531
MLS Listing,,Single Family Residential,1705 Floribunda Ave,Hillsborough,CA,94010,8800000,5,4.0,HILLSBOROUGH,4652,23244,1956,54,1892,,Active,,,https://www.redfin.com/CA/Hillsborough/1705-Floribunda-Ave-94010/home/1998589,MLSListings,ML81918690,N,Y,37.5753789,-122.3571798
MLS Listing,,Single Family Residential,302 Pope St,Menlo Park,CA,94025,2995000,3,2.0,MENLO PARK,2048,8128,1910,54,1462,,Active,April-8-2023 02:00 PM,April-8-2023 04:00 PM,https://www.redfin.com/CA/Menlo-Park/302-Pope-St-94025/home/1710021,MLSListings,ML81918681,N,Y,37.4582344,-122.1560562
MLS Listing,,Single Family Residential,1519 James Ave,Redwood City,CA,94062,2798000,4,2.0,REDWOOD CITY,2499,9850,1939,54,1120,,Active,April-8-2023 01:00 PM,April-8-2023 04:00 PM,https://www.redfin.com/CA/Redwood-City/1519-James-Ave-94062/home/1295502,MLSListings,ML81915551,N,Y,37.4758893,-122.2449775
MLS Listing,,Single Family Residential,15460 Quito Rd,Saratoga,CA,95070,6388888,5,5.5,SARATOGA,4560,42863,2022,57,1401,,Active,,,https://www.redfin.com/CA/Saratoga/15460-Quito-Rd-95070/home/1264875,MLSListings,ML81910041,N,Y,37.2438892,-121.9975846
MLS Listing,,Single Family Residential,141 Santa Maria Ave,Portola Valley,CA,94028,2598000,4,4.0,PORTOLA VALLEY,3068,39600,1925,57,847,,Active,,,https://www.redfin.com/CA/Portola-Valley/141-Santa-Maria-Ave-94028/home/1997615,MLSListings,ML81918571,N,Y,37.38228,-122.240132
MLS Listing,,Single Family Residential,219 Portola Ct,Los Altos,CA,94022,7995000,4,4.5,LOS ALTOS,4460,20039,2023,57,1793,,Active,,,https://www.redfin.com/CA/Los-Altos/219-Portola-Ct-94022/home/635306,MLSListings,ML81918569,N,Y,37.3955122,-122.1087521
MLS Listing,,Single Family Residential,127 Vista Real Ct,Los Gatos,CA,95032,2549000,3,2.5,LOS GATOS,2248,8557,1992,57,1134,,Active,,,https://www.redfin.com/CA/Los-Gatos/127-Vista-Real-Ct-95032/home/1283311,MLSListings,ML81918527,N,Y,37.2456568,-121.9506236
MLS Listing,,Condo/Co-op,42111 Osgood Rd #428,Fremont,CA,94539,999800,3,2.0,FREMONT,1602,,2022,58,624,622,Active,,,https://www.redfin.com/CA/Fremont/42111-Osgood-Rd-94539/unit-428/home/168829580,MLSListings,ML81918469,N,Y,37.5279134,-121.9512306
MLS Listing,,Single Family Residential,1 Nora Way,Atherton,CA,94027,7645000,5,5.5,ATHERTON,4338,22542,2023,58,1762,,Active,,,https://www.redfin.com/CA/Atherton/1-Nora-Way-94027/home/1753566,MLSListings,ML81918425,N,Y,37.4655899,-122.2076161
MLS Listing,,Single Family Residential,5319 Burnside Ct,Fremont,CA,94536,1889950,4,2.0,Glenmoor,1703,11625,1963,59,1110,21,Active,,,https://www.redfin.com/CA/Fremont/5319-Burnside-Ct-94536/home/1769453,"bridgeMLS, Bay East AOR, or Contra Costa AOR",41018704,N,Y,37.5349284,-122.0067996
MLS Listing,,Single Family Residential,10718 Mora Dr,Los Altos Hills,CA,94024,19995000,6,12.5,Los Altos Hills,9677,57176,2016,59,2066,,Active,,,https://www.redfin.com/CA/Los-Altos/10718-Mora-Dr-94024/home/109059158,San Francisco MLS,423720021,N,Y,37.340584295,-122.1001959
MLS Listing,,Condo/Co-op,39149 Guardino Dr #349,Fremont,CA,94538,478888,1,1.0,Fremont,693,266122,1987,60,691,585,Active,,,https://www.redfin.com/CA/Fremont/39149-Guardino-Dr-94538/unit-349/home/2022133,"bridgeMLS, Bay East AOR, or Contra Costa AOR",41018739,N,Y,37.5574545,-121.9705061
MLS Listing,,Single Family Residential,1365 Ranchita Dr,Los Altos,CA,94024,6125000,4,4.5,LOS ALTOS,3478,11853,2023,61,1761,,Active,,,https://www.redfin.com/CA/Los-Altos/1365-Ranchita-Dr-94024/home/1524301,MLSListings,ML81918123,N,Y,37.3552384,-122.076088
MLS Listing,,Single Family Residential,15121 Becky Ln,Monte Sereno,CA,95030,10200000,6,7.0,MONTE SERENO,10500,67596,2004,61,971,,Active,,,https://www.redfin.com/CA/Monte-Sereno/15121-Becky-Ln-95030/home/1041911,MLSListings,ML81918120,N,Y,37.2488913,-121.9939145
MLS Listing,,Single Family Residential,869 Culebra Rd,Hillsborough,CA,94010,17995000,6,7.5,HILLSBOROUGH,8940,97680,1931,61,2013,,Active,,,https://www.redfin.com/CA/Hillsborough/869-Culebra-Rd-94010/home/1108088,MLSListings,ML81918108,N,Y,37.5544841,-122.3453367
MLS Listing,,Condo/Co-op,1230 Sharon Park Dr #58,Menlo Park,CA,94025,1600000,2,2.0,MENLO PARK,1997,13296210840,1978,61,801,1225,Active,,,https://www.redfin.com/CA/Menlo-Park/1230-Sharon-Park-Dr-94025/unit-58/home/987096,MLSListings,ML81912119,N,Y,37.4261774,-122.2176496
MLS Listing,,Townhouse,604 Portofino Ln,Foster City,CA,94404,1698000,3,2.5,FOSTER CITY,2140,224919,1975,62,793,870,Active,,,https://www.redfin.com/CA/Foster-City/604-Portofino-Ln-94404/home/1438032,MLSListings,ML81917417,N,Y,37.5531484,-122.2715318
MLS Listing,,Condo/Co-op,42111 Osgood Rd #223,Fremont,CA,94539,548800,1,1.0,FREMONT,865,,2022,63,634,548,Active,,,https://www.redfin.com/CA/Fremont/42111-Osgood-Rd-94539/unit-223/home/168829529,MLSListings,ML81917996,N,Y,37.5279134,-121.9512306
MLS Listing,,Condo/Co-op,42111 Osgood Rd #216,Fremont,CA,94539,864800,3,3.0,FREMONT,1366,,2022,63,633,598,Active,,,https://www.redfin.com/CA/Fremont/42111-Osgood-Rd-94539/unit-216/home/168829522,MLSListings,ML81917971,N,Y,37.5279134,-121.9512306
MLS Listing,,Townhouse,207 Moresby Ln,Redwood City,CA,94063,1350000,3,2.5,REDWOOD CITY,1405,17967,1999,63,961,450,Active,,,https://www.redfin.com/CA/Redwood-City/207-Moresby-Ln-94063/home/996333,MLSListings,ML81917618,N,Y,37.4975366,-122.2250247
MLS Listing,,Single Family Residential,950 Lucky Ave,Menlo Park,CA,94025,6658888,5,4.5,MENLO PARK,3149,8000,2023,64,2115,,Active,April-8-2023 02:00 PM,April-8-2023 04:00 PM,https://www.redfin.com/CA/Menlo-Park/950-Lucky-Ave-94025/home/1948035,MLSListings,ML81913302,N,Y,37.4317013,-122.1988805
MLS Listing,,Single Family Residential,1254 San Raymundo Rd,Hillsborough,CA,94010,6330000,5,5.0,HILLSBOROUGH,4405,32234,1936,64,1437,,Active,,,https://www.redfin.com/CA/Hillsborough/1254-San-Raymundo-Rd-94010/home/1256369,MLSListings,ML81917977,N,Y,37.5583033,-122.3579988
MLS Listing,,Single Family Residential,10682 Flora Vista Ave,Cupertino,CA,95014,5395000,5,5.5,CUPERTINO,3813,9681,2023,64,1415,,Active,,,https://www.redfin.com/CA/Cupertino/10682-Flora-Vista-Ave-95014/home/1683677,MLSListings,ML81917913,N,Y,37.332824,-122.042305
MLS Listing,,Single Family Residential,1914 Georgetta Dr,San Jose,CA,95125,4448000,6,4.5,SAN JOSE,4012,9875,2022,64,1109,,Active,April-8-2023 02:00 PM,April-8-2023 04:30 PM,https://www.redfin.com/CA/San-Jose/1914-Georgetta-Dr-95125/home/1371747,MLSListings,ML81917897,N,Y,37.2854641,-121.9080034
MLS Listing,,Single Family Residential,511 W Santa Inez Ave,Hillsborough,CA,94010,4788000,3,3.0,HILLSBOROUGH,2870,15288,1939,64,1668,,Active,,,https://www.redfin.com/CA/Hillsborough/511-W-Santa-Inez-Ave-94010/home/1890725,MLSListings,ML81917881,N,Y,37.5619699,-122.344739
MLS Listing,,Single Family Residential,16501 Skyline Blvd,Woodside,CA,94062,3475000,5,4.5,WOODSIDE,4760,242193,1990,65,730,,Active,,,https://www.redfin.com/CA/Woodside/16501-Skyline-Blvd-94062/home/1953288,MLSListings,ML81917844,N,Y,37.3897371,-122.2765098
MLS Listing,,Vacant Land,00 Cranfield Ave,San Carlos,CA,94070,200000,,,San Carlos,,8900,,65,,,Active,,,https://www.redfin.com/CA/San-Carlos/0-Cranfield-Ave-94070/home/183292678,"bridgeMLS, Bay East AOR, or Contra Costa AOR",41018422,N,Y,37.505934,-122.286819
MLS Listing,,Vacant Land,000 Cranfield Ave,San Carlos,CA,94070,220000,,,San Carlos,,10637,,65,,,Active,,,https://www.redfin.com/CA/San-Carlos/0-Camborne-Ave-94070/home/184100708,"bridgeMLS, Bay East AOR, or Contra Costa AOR",41018420,N,Y,37.501409,-122.2839836
MLS Listing,,Single Family Residential,867 Kilkare Rd,Sunol,CA,94586,1799000,6,3.0,Sunol,2694,75158,1968,66,668,,Active,,,https://www.redfin.com/CA/Sunol/867-Kilkare-Rd-94586/home/1582550,"bridgeMLS, Bay East AOR, or Contra Costa AOR",41017858,N,Y,37.608914,-121.894698
MLS Listing,,Single Family Residential,485 Ferne Ave,Palo Alto,CA,94306,3288000,4,2.0,PALO ALTO,1765,8030,1956,66,1863,,Active,April-16-2023 01:30 PM,April-16-2023 04:30 PM,https://www.redfin.com/CA/Palo-Alto/485-Ferne-Ave-94306/home/1499431,MLSListings,ML81917668,N,Y,37.4143093,-122.1052451
MLS Listing,,Single Family Residential,18300 Constitution Ave,Monte Sereno,CA,95030,3999000,3,2.0,MONTE SERENO,2377,49880,1967,67,1682,,Active,April-8-2023 02:00 PM,April-8-2023 04:30 PM,https://www.redfin.com/CA/Monte-Sereno/18300-Constitution-Ave-95030/home/1057633,MLSListings,ML81917538,N,Y,37.2400999,-121.9920526
MLS Listing,,Single Family Residential,1868 Floribunda Ave,Hillsborough,CA,94010,58000000,8,9.0,HILLSBOROUGH,17907,101930,1924,67,3239,,Active,,,https://www.redfin.com/CA/Hillsborough/1868-Floribunda-Ave-94010/home/1265953,MLSListings,ML81917533,N,Y,37.572622,-122.360324
MLS Listing,,Single Family Residential,6 Camino Por Los Arboles,Atherton,CA,94027,11995000,5,5.5,ATHERTON,5400,31799,2000,68,2221,,Active,,,https://www.redfin.com/CA/Atherton/6-Camino-Por-Los-Arboles-94027/home/2046778,MLSListings,ML81917426,N,Y,37.4406564,-122.2050448
MLS Listing,,Single Family Residential,424 W Poplar Ave,San Mateo,CA,94402,3999000,4,3.5,SAN MATEO,3430,10602,1926,70,1166,,Active,April-8-2023 02:00 PM,April-8-2023 04:30 PM,https://www.redfin.com/CA/San-Mateo/424-W-Poplar-Ave-94402/home/1875387,MLSListings,ML81917372,N,Y,37.5649461,-122.34641
MLS Listing,,Single Family Residential,833 E Hedding St,San Jose,CA,95112,1495000,4,3.0,San Jose,2228,12720,1952,71,671,,Active,,,https://www.redfin.com/CA/San-Jose/833-E-Hedding-St-95112/home/1152413,MetroList,223006867,N,Y,37.3616222,-121.8865675
MLS Listing,,Single Family Residential,393 Atherton Ave,Atherton,CA,94027,8888888,6,8.5,ATHERTON,7560,43560,1996,71,1176,,Active,,,https://www.redfin.com/CA/Atherton/393-Atherton-Ave-94027/home/1959465,MLSListings,ML81917318,N,Y,37.4366196,-122.218721
MLS Listing,,Single Family Residential,39 Stockbridge Ave,Atherton,CA,94027,19988000,7,7.0,ATHERTON,9065,43700,2023,71,2205,,Active,,,https://www.redfin.com/CA/Atherton/39-Stockbridge-Ave-94027/home/1695147,MLSListings,ML81913850,N,Y,37.4636745,-122.2089557
MLS Listing,,Single Family Residential,486 Raymundo Dr,Woodside,CA,94062,3995000,3,2.0,WOODSIDE,1980,138520,1954,72,2018,,Active,April-8-2023 01:00 PM,April-8-2023 03:30 PM,https://www.redfin.com/CA/Woodside/486-Raymundo-Dr-94062/home/889667,MLSListings,ML81917203,N,Y,37.4434501,-122.2880505
MLS Listing,,Condo/Co-op,39224 Guardino Dr #306,Fremont,CA,94538,479000,1,1.0,Adobe Hills,693,212519,1990,72,691,523,Active,,,https://www.redfin.com/CA/Fremont/39224-Guardino-Dr-94538/unit-306/home/22804902,"bridgeMLS, Bay East AOR, or Contra Costa AOR",41017907,N,Y,37.5577334,-121.9690843
MLS Listing,,Condo/Co-op,325 Valle Vista Ave #104,Hayward,CA,94544,415000,2,2.0,Jackson Triangle,725,64567,1984,72,572,623,Active,,,https://www.redfin.com/CA/Hayward/325-Valle-Vista-Ave-94544/unit-104/home/1461331,"bridgeMLS, Bay East AOR, or Contra Costa AOR",41017888,N,Y,37.631634,-122.05255
MLS Listing,,Single Family Residential,1077 Portola Rd,Portola Valley,CA,94028,5195000,5,3.5,PORTOLA VALLEY,3600,53535,1925,72,1443,,Active,,,https://www.redfin.com/CA/Portola-Valley/1077-Portola-Rd-94028/home/1710683,MLSListings,ML81912081,N,Y,37.3859446,-122.2372265
MLS Listing,,Single Family Residential,3775 Middlefield Rd,Palo Alto,CA,94303,4555000,5,4.0,PALO ALTO,3674,12141,1985,72,1240,,Active,April-8-2023 01:30 PM,April-8-2023 04:30 PM,https://www.redfin.com/CA/Palo-Alto/3775-Middlefield-Rd-94303/home/1629114,MLSListings,ML81917122,N,Y,37.4235892,-122.1124794
MLS Listing,,Single Family Residential,1448 Madrona Ave,San Jose,CA,95125,1999000,4,2.5,SAN JOSE,2247,8200,1965,73,890,,Active,April-8-2023 01:00 PM,April-8-2023 04:00 PM,https://www.redfin.com/CA/San-Jose/1448-Madrona-Ave-95125/home/1252171,MLSListings,ML81917061,N,Y,37.2874028,-121.8983943
MLS Listing,,Single Family Residential,543 Tennyson Ave,Palo Alto,CA,94301,16800000,6,6.5,PALO ALTO,5985,10000,2023,74,2807,,Active,,,https://www.redfin.com/CA/Palo-Alto/543-Tennyson-Ave-94301/home/1111786,MLSListings,ML81916021,N,Y,37.4389411,-122.1426927
MLS Listing,,Condo/Co-op,1458 Hudson St #216,Redwood City,CA,94061,729000,2,1.0,Redwood City,980,49080,1970,75,744,756,Active,,,https://www.redfin.com/CA/Redwood-City/1458-Hudson-St-94061/unit-216/home/1336868,San Francisco MLS,423716119,N,Y,37.4696922,-122.2274755
MLS Listing,,Single Family Residential,18200 Skyline Blvd,Woodside,CA,94062,3699000,3,3.5,WOODSIDE,3830,245678,1989,76,966,,Active,,,https://www.redfin.com/CA/Redwood-City/18200-Skyline-Blvd-94062/home/177488333,MLSListings,ML81916837,N,Y,37.3726055,-122.258661
MLS Listing,,Single Family Residential,94 Melanie Ln,Atherton,CA,94027,25000000,7,10.0,ATHERTON,11656,44370,2022,77,2145,,Active,,,https://www.redfin.com/CA/Atherton/Undisclosed-address-94027/home/896262,MLSListings,ML81914356,N,Y,37.4387214,-122.2300906
MLS Listing,,Single Family Residential,770 S San Tomas Aquino Rd,Campbell,CA,95008,1799000,4,2.0,CAMPBELL,1234,8692,1955,77,1458,,Active,April-8-2023 02:00 PM,April-8-2023 04:00 PM,https://www.redfin.com/CA/Campbell/770-S-San-Tomas-Aquino-Rd-95008/home/830677,MLSListings,ML81916637,N,Y,37.2760827,-121.9707504
MLS Listing,,Single Family Residential,155 Brookwood Rd,Woodside,CA,94062,5980000,5,3.0,Woodside,3000,45269,1953,77,1993,150,Active,,,https://www.redfin.com/CA/Woodside/155-Brookwood-Rd-94062/home/1995921,San Francisco MLS,423716900,N,Y,37.4456612,-122.2460307
MLS Listing,,Single Family Residential,340 Coleridge Ave,Palo Alto,CA,94301,13880000,5,4.0,PALO ALTO,3477,15000,1915,78,3992,,Active,,,https://www.redfin.com/CA/Palo-Alto/340-Coleridge-Ave-94301/home/1706774,MLSListings,ML81916751,N,Y,37.4377575,-122.1471508
MLS Listing,,Single Family Residential,2149 Hillcrest Rd,Redwood City,CA,94062,2700000,4,4.0,REDWOOD CITY,3778,11700,1958,79,715,,Active,April-8-2023 01:00 PM,April-8-2023 04:00 PM,https://www.redfin.com/CA/Redwood-City/2149-Hillcrest-Rd-94062/home/1984027,MLSListings,ML81916669,N,Y,37.473772,-122.2588086
MLS Listing,,Multi-Family (2-4 Unit),1952 Menalto Ave,Menlo Park,CA,94025,3495000,7,4.0,MENLO PARK,5045,18445,1948,80,693,,Active,,,https://www.redfin.com/CA/Menlo-Park/1952-Menalto-Ave-94025/home/868493,MLSListings,ML81916464,N,Y,37.4599763,-122.15152
MLS Listing,,Multi-Family (2-4 Unit),1950 Menalto Ave,Menlo Park,CA,94025,2495000,3,2.0,MENLO PARK,1340,10270,1921,80,1862,,Active,,,https://www.redfin.com/CA/Menlo-Park/1950-Menalto-Ave-94025/home/866297,MLSListings,ML81916462,N,Y,37.4598939,-122.1520373
MLS Listing,,Single Family Residential,75 Tobin Clark Dr,Hillsborough,CA,94010,4725500,4,3.5,Hillsborough,3720,25200,1978,81,1270,,Active,,,https://www.redfin.com/CA/Hillsborough/75-Tobin-Clark-Dr-94010/home/1200457,CRMLS,IV23006272,N,Y,37.5442107,-122.33471
MLS Listing,,Vacant Land,29831 Clearbrook Cir,Hayward,CA,94544,4900000,,,Hayward,,269909,,81,,,Active,,,https://www.redfin.com/CA/Hayward/29831-Clearbrook-Cir-94544/home/1685596,"bridgeMLS, Bay East AOR, or Contra Costa AOR",41017179,N,Y,37.6309363,-122.0395733
MLS Listing,,Single Family Residential,10 Percheron Pl,Hillsborough,CA,94010,5288000,4,3.0,HILLSBOROUGH,2990,27878,1972,82,1769,,Active,April-8-2023 01:00 PM,April-8-2023 04:00 PM,https://www.redfin.com/CA/Hillsborough/10-Percheron-Pl-94010/home/2057883,MLSListings,ML81916302,N,Y,37.548007,-122.3353078
MLS Listing,,Condo/Co-op,1998 Montecito Ave,Mountain View,CA,94043,1718000,3,3.0,MOUNTAIN VIEW,1355,,2023,85,1268,441,Active,April-9-2023 02:00 PM,April-9-2023 04:00 PM,https://www.redfin.com/CA/Mountain-View/1998-Montecito-Ave-94043/home/611290,MLSListings,ML81916214,N,Y,37.4062409,-122.092865
MLS Listing,,Single Family Residential,3202 Maddux Dr,Palo Alto,CA,94303,6288000,7,6.0,PALO ALTO,3950,8862,2023,85,1592,,Active,,,https://www.redfin.com/CA/Palo-Alto/3202-Maddux-Dr-94303/home/812840,MLSListings,ML81916184,N,Y,37.4362793,-122.1143874
MLS Listing,,Single Family Residential,728 Tolman Dr,Stanford,CA,94305,2988000,5,3.0,STANFORD,2979,13909,1970,86,1003,,Active,April-8-2023 01:00 PM,April-8-2023 04:00 PM,https://www.redfin.com/CA/Palo-Alto/728-Tolman-Dr-94305/home/1651862,MLSListings,ML81916069,N,Y,37.4140358,-122.1546914
MLS Listing,,Single Family Residential,1285 Curtiss Ave,San Jose,CA,95125,3578888,5,4.5,SAN JOSE,3999,9470,2019,87,895,,Active,,,https://www.redfin.com/CA/San-Jose/1285-Curtiss-Ave-95125/home/838689,MLSListings,ML81916000,N,Y,37.3075809,-121.8950598
MLS Listing,,Single Family Residential,50 Amador Ave,Atherton,CA,94027,8498000,5,4.0,ATHERTON,3640,33900,1928,88,2335,,Active,,,https://www.redfin.com/CA/Atherton/50-Amador-Ave-94027/home/2014934,MLSListings,ML81915873,N,Y,37.4545554,-122.2149642
MLS Listing,,Single Family Residential,711 Hayne Rd,Hillsborough,CA,94010,6888000,5,5.5,HILLSBOROUGH,5955,37897,1938,89,1157,,Active,,,https://www.redfin.com/CA/Hillsborough/711-Hayne-Rd-94010/home/1869768,MLSListings,ML81915841,N,Y,37.5575293,-122.3451565
MLS Listing,,Single Family Residential,234 Albion Ave,Woodside,CA,94062,17800000,7,7.5,WOODSIDE,11490,144314,1935,89,1549,,Active,,,https://www.redfin.com/CA/Woodside/234-Albion-Ave-94062/home/1898699,MLSListings,ML81915820,N,Y,37.4300878,-122.2632397
MLS Listing,,Single Family Residential,0 Fillmore St,Santa Clara,CA,95054,1298900,4,4.5,SANTA CLARA,3500,9375,2023,89,371,,Active,,,https://www.redfin.com/CA/Santa-Clara/Fillmore-St-95054/home/161021928,MLSListings,ML81915818,N,Y,37.395895,-121.963977
MLS Listing,,Single Family Residential,2779 Aldworth Dr,San Jose,CA,95148,2188888,5,2.5,SAN JOSE,2243,9175,1979,93,976,,Active,April-8-2023 01:00 PM,April-8-2023 03:00 PM,https://www.redfin.com/CA/San-Jose/2779-Aldworth-Dr-95148/home/718391,MLSListings,ML81915581,N,Y,37.3341018,-121.786389
MLS Listing,,Single Family Residential,233 Park Ln,Atherton,CA,94027,49900000,6,9.5,ATHERTON,14215,56700,2022,93,3510,,Active,,,https://www.redfin.com/CA/Atherton/233-Park-Ln-94027/home/885482,MLSListings,ML81914113,N,Y,37.4455765,-122.2017972
MLS Listing,,Vacant Land,0 Mission Rd,Sunol,CA,94586,6000000,,,Sunol Valley,,8272000,,97,,,Active,,,https://www.redfin.com/CA/Sunol/0-MISSION-RD-94586/home/183052105,"bridgeMLS, Bay East AOR, or Contra Costa AOR",41016254,N,Y,37.5867626,-121.8334868
MLS Listing,,Vacant Land,11401 Clayton Rd,San Jose,CA,95127,580000,,,San Jose,,58806,,97,,,Active,,,https://www.redfin.com/CA/San-Jose/11401-Clayton-Rd-95127/home/23471371,"bridgeMLS, Bay East AOR, or Contra Costa AOR",41016249,N,Y,37.354883,-121.7921273
MLS Listing,,Single Family Residential,16000 GLEN UNA Dr,Los Gatos,CA,95030,4488000,3,3.0,LOS GATOS,3918,121320,1974,110,1145,,Active,,,https://www.redfin.com/CA/Los-Gatos/16000-Glen-Una-Dr-95030/home/112191911,MLSListings,ML81915057,N,Y,37.2363681,-122.0223661
MLS Listing,,Single Family Residential,4711 Robin Ct,Fremont,CA,94538,1649888,3,2.0,Morrison Meadows,1452,11780,1963,111,1136,,Active,,,https://www.redfin.com/CA/Fremont/4711-Robin-Ct-94538/home/1697999,"bridgeMLS, Bay East AOR, or Contra Costa AOR",41015301,N,Y,37.5240648,-121.9698618
MLS Listing,,Single Family Residential,3370 Little Valley Rd,Sunol,CA,94586,4249000,6,6.5,Little Valley,5581,314503,2004,118,761,115,Active,,,https://www.redfin.com/CA/Sunol/3370-Little-Valley-Rd-94586/home/17187445,"bridgeMLS, Bay East AOR, or Contra Costa AOR",41015593,N,Y,37.6196352,-121.8523915
MLS Listing,,Multi-Family (2-4 Unit),2067 La Con Ct,Campbell,CA,95008,2950000,9,8.0,CAMPBELL,4675,9643,1970,121,631,,Active,,,https://www.redfin.com/CA/San-Jose/2067-La-Con-Ct-95124/home/825610,MLSListings,ML81914540,N,Y,37.277835,-121.93292
MLS Listing,,Single Family Residential,930 Dry Creek Rd,San Jose,CA,95124,3775000,4,4.0,SAN JOSE,4399,20728,1938,121,858,,Active,April-8-2023 01:00 PM,April-8-2023 04:00 PM,https://www.redfin.com/CA/San-Jose/930-Dry-Creek-Rd-95124/home/665425,MLSListings,ML81914236,N,Y,37.2788517,-121.933645
MLS Listing,,Single Family Residential,14470 Sobey Rd,Saratoga,CA,95070,3750000,3,2.0,SARATOGA,1548,40946,1952,122,2422,,Active,,,https://www.redfin.com/CA/Saratoga/14470-Sobey-Rd-95070/home/1674564,MLSListings,ML81914434,N,Y,37.2578796,-121.9996929
MLS Listing,,Single Family Residential,4602 Hill Top View Ln,San Jose,CA,95138,4050000,5,4.5,SAN JOSE,4639,11314,2003,126,873,180,Active,,,https://www.redfin.com/CA/San-Jose/4602-Hill-Top-View-Ln-95138/home/1093798,MLSListings,ML81914221,N,Y,37.2883416,-121.7958013
MLS Listing,,Single Family Residential,1101 Black Mountain Rd,Hillsborough,CA,94010,4390000,5,4.5,HILLSBOROUGH,4410,16450,1931,127,995,,Active,,,https://www.redfin.com/CA/Hillsborough/1101-Black-Mountain-Rd-94010/home/12226425,MLSListings,ML81898890,N,Y,37.5505207,-122.351513
MLS Listing,,Single Family Residential,132 San Ramon Dr,San Jose,CA,95111,1899000,6,3.0,SAN JOSE,4336,32513,1973,136,438,,Active,,,https://www.redfin.com/CA/San-Jose/132-San-Ramon-Dr-95111/home/739024,MLSListings,ML81913611,N,Y,37.2769822,-121.8307732
MLS Listing,,Single Family Residential,2189 Webster St,Palo Alto,CA,94301,8980000,6,7.0,PALO ALTO,5347,8568,2020,138,1679,,Active,April-8-2023 02:00 PM,April-8-2023 04:00 PM,https://www.redfin.com/CA/Palo-Alto/2189-Webster-St-94301/home/590235,MLSListings,ML81913201,N,Y,37.4364031,-122.136725
MLS Listing,,Single Family Residential,21518 Saratoga Heights Dr,Saratoga,CA,95070,4750000,5,5.0,SARATOGA,5085,44431,1990,141,934,44,Active,April-8-2023 02:00 PM,April-8-2023 04:00 PM,https://www.redfin.com/CA/Saratoga/21518-Saratoga-Heights-Dr-95070/home/1181890,MLSListings,ML81913386,N,Y,37.2579593,-122.0515612
MLS Listing,,Single Family Residential,3559 Mount Pleasant Ct,San Jose,CA,95148,1600000,6,4.0,Alum Rock,2809,8228,1970,145,570,,Active,,,https://www.redfin.com/CA/San-Jose/3559-Mount-Pleasant-Ct-95148/home/1481789,BAREIS,322098890,N,Y,37.3521634,-121.798182
MLS Listing,,Multi-Family (5+ Unit),143 N 8th St,San Jose,CA,95112,3050000,18,9.0,SAN JOSE,7167,9547,1961,150,426,,Active,,,https://www.redfin.com/CA/San-Jose/143-N-8th-St-95112/home/873054,MLSListings,ML81912638,N,Y,37.3416849,-121.8849446
MLS Listing,,Single Family Residential,15858 Rica Vista Way,San Jose,CA,95127,2988000,6,5.5,SAN JOSE,5124,16470,2008,152,583,,Active,,,https://www.redfin.com/CA/San-Jose/15858-Rica-Vista-Way-95127/home/12177292,MLSListings,ML81909578,N,Y,37.3828222,-121.805591
MLS Listing,,Single Family Residential,12874 Viscaino Rd,Los Altos Hills,CA,94022,10888000,6,6.5,LOS ALTOS HILLS,5400,79174,2022,156,2016,,Active,April-8-2023 02:00 PM,April-8-2023 04:00 PM,https://www.redfin.com/CA/Los-Altos-Hills/12874-Viscaino-Rd-94022/home/1009418,MLSListings,ML81912135,N,Y,37.3790493,-122.145477
MLS Listing,,Single Family Residential,349 Walsh Rd,Atherton,CA,94027,32500000,5,7.0,ATHERTON,11359,44431,2022,161,2861,,Active,,,https://www.redfin.com/CA/Atherton/349-Walsh-Rd-94027/home/1061461,MLSListings,ML81911822,N,Y,37.4342678,-122.216172
MLS Listing,,Vacant Land,20860 McClellan Rd,Cupertino,CA,95014-0100,12000000,,,Cupertino,,55321,,163,,33,Active,,,https://www.redfin.com/CA/Cupertino/20860-McClellan-Rd-95014/home/1659016,"bridgeMLS, Bay East AOR, or Contra Costa AOR",41012815,N,Y,37.3154034,-122.03898
MLS Listing,,Single Family Residential,36089 Spruce St,Newark,CA,94560,1255000,3,2.0,Tamara,1240,8174,1975,163,1012,,Active,April-8-2023 01:00 PM,April-8-2023 04:00 PM,https://www.redfin.com/CA/Newark/36089-Spruce-St-94560/home/1837780,"bridgeMLS, Bay East AOR, or Contra Costa AOR",41012274,N,Y,37.5355171,-122.0574437
MLS Listing,,Condo/Co-op,3909 Stevenson Blvd #207,Fremont,CA,94538,560000,2,2.0,Parkway Towers,1042,129105,1972,163,537,408,Active,,,https://www.redfin.com/CA/Fremont/3909-Stevenson-Blvd-94538/unit-207/home/2012321,"bridgeMLS, Bay East AOR, or Contra Costa AOR",41012767,N,Y,37.5421147,-121.9733052
MLS Listing,,Single Family Residential,45651 Montclaire Ter,Fremont,CA,94539,6325000,5,5.5,Montclaire Ii,7440,81788,2006,169,850,110,Active,,,https://www.redfin.com/CA/Fremont/45651-Montclaire-Ter-94539/home/12113319,"bridgeMLS, Bay East AOR, or Contra Costa AOR",41012316,N,Y,37.5151206,-121.9143763
MLS Listing,,Single Family Residential,6 Fairoaks Ct,San Mateo,CA,94403,2700000,3,4.0,Laurelwood,2420,11000,1959,169,1116,,Active,,,https://www.redfin.com/CA/San-Mateo/6-Fairoaks-Ct-94403/home/1191464,"bridgeMLS, Bay East AOR, or Contra Costa AOR",41012267,N,Y,37.5333729,-122.3230415
MLS Listing,,Single Family Residential,262 Camino Al Lago,Atherton,CA,94027,9688000,4,5.5,ATHERTON,5690,31363,1982,171,1703,,Active,,,https://www.redfin.com/CA/Atherton/262-Camino-Al-Lago-94027/home/1892798,MLSListings,ML81910863,N,Y,37.4408916,-122.2098938
MLS Listing,,Single Family Residential,691 Fiesta Pl,Hayward,CA,94544,1200000,4,2.5,Holiday Estates,2668,8214,1966,176,450,,Active,,,https://www.redfin.com/CA/Hayward/691-Fiesta-Pl-94544/home/1261305,"bridgeMLS, Bay East AOR, or Contra Costa AOR",41011728,N,Y,37.6318793,-122.0428872
MLS Listing,,Vacant Land,2100 Woods Ln,Los Altos,CA,94024,22500000,,,Los Altos,,387684,,178,,,Active,,,https://www.redfin.com/CA/Los-Altos/2100-Woods-Ln-94024/home/17495096,"bridgeMLS, Bay East AOR, or Contra Costa AOR",41011421,N,Y,37.3384484,-122.0775501
MLS Listing,,Vacant Land,816 Hunter Ln,Fremont,CA,94539,3300000,,,Mission Foothill,,27007,,183,,,Active,,,https://www.redfin.com/CA/Fremont/816-Hunter-Ln-94539/home/167269082,"bridgeMLS, Bay East AOR, or Contra Costa AOR",41010327,N,Y,37.5190452,-121.9120421
MLS Listing,,Single Family Residential,7777 Del Valle Rd,Livermore,CA,94550,1500000,3,2.0,Livermore,2800,217156,1938,184,536,,Active,,,https://www.redfin.com/CA/Livermore/7777-Del-Valle-Rd-94550/home/182177623,"bridgeMLS, Bay East AOR, or Contra Costa AOR",41010860,N,Y,37.5738921,-121.6924187
MLS Listing,,Single Family Residential,1369 Canada Rd,Woodside,CA,94062,4750000,2,1.0,WOODSIDE,1120,47916,1953,198,4241,,Active,,,https://www.redfin.com/CA/Woodside/1369-Canada-Rd-94062/home/1837439,MLSListings,ML81907774,N,Y,37.4332929,-122.2571619
MLS Listing,,Single Family Residential,729 Murphy Dr,San Mateo,CA,94402,2850000,4,3.0,SAN MATEO,2860,8509,1973,201,997,,Active,,,https://www.redfin.com/CA/San-Mateo/729-Murphy-Dr-94402/home/1035041,MLSListings,ML81907761,N,Y,37.5439121,-122.3287958
MLS Listing,,Single Family Residential,"2216 Clarke Ave,",East Palo Alto,CA,94303,3900000,6,8.0,East Palo Alto,5920,8979,1929,206,659,,Active,,,https://www.redfin.com/CA/East-Palo-Alto/2216-Clarke-Ave-94303/home/143944543,"bridgeMLS, Bay East AOR, or Contra Costa AOR",41008415,N,Y,37.4665163,-122.1345302
MLS Listing,,Single Family Residential,57 Roxbury Ln,San Mateo,CA,94402,4800000,4,4.0,SAN MATEO,4510,50380,1992,207,1064,,Active,April-8-2023 01:00 PM,April-8-2023 04:00 PM,https://www.redfin.com/CA/San-Mateo/57-Roxbury-Ln-94402/home/2038427,MLSListings,ML81888490,N,Y,37.5296799,-122.3502069
MLS Listing,,Townhouse,30 Roberts Rd,Los Gatos,CA,95032,3500000,4,4.0,LOS GATOS,3188,15000,2021,211,1098,575,Active,,,https://www.redfin.com/CA/Los-Gatos/30-Roberts-Rd-95032/home/1387178,MLSListings,ML81906795,N,Y,37.2329893,-121.9753378
MLS Listing,,Single Family Residential,20205 Saratoga Vista Ct,Saratoga,CA,95070,2998000,4,2.0,SARATOGA,2541,8223,1960,211,1180,,Active,April-8-2023 01:30 PM,April-8-2023 03:30 PM,https://www.redfin.com/CA/Saratoga/20205-Saratoga-Vista-Ct-95070/home/901260,MLSListings,ML81905460,N,Y,37.2701412,-122.0268069
MLS Listing,,Single Family Residential,3610 Welch Creek Rd,Sunol,CA,94586,1995000,4,2.5,Sunol,2915,948301,1974,217,684,,Active,,,https://www.redfin.com/CA/Sunol/3610-Welch-Creek-Rd-94586/home/180954706,"bridgeMLS, Bay East AOR, or Contra Costa AOR",41004892,N,Y,37.5288486,-121.7991833
MLS Listing,,Single Family Residential,333 Raymundo Dr,Woodside,CA,94062,12750000,4,5.5,WOODSIDE,7267,130680,2000,218,1755,,Active,,,https://www.redfin.com/CA/Woodside/333-Raymundo-Dr-94062/home/102269432,MLSListings,ML81906076,N,Y,37.4457605,-122.2811837
MLS Listing,,Single Family Residential,76 Catalpa Dr,Atherton,CA,94027,8495000,5,6.0,ATHERTON,4310,37897,1940,218,1971,,Active,April-8-2023 01:30 PM,April-8-2023 05:00 PM,https://www.redfin.com/CA/Atherton/76-Catalpa-Dr-94027/home/2059178,MLSListings,ML81906014,N,Y,37.4691115,-122.1781083
MLS Listing,,Single Family Residential,236 & 238 S 31st St,San Jose,CA,95116,1450000,5,2.0,SAN JOSE,2150,11548,1920,219,674,,Active,,,https://www.redfin.com/CA/San-Jose/236-S-31st-St-95116/home/882926,MLSListings,ML81905890,N,Y,37.3465461,-121.8572618
MLS Listing,,Single Family Residential,3417 Kenneth Dr,Palo Alto,CA,94303,3500000,5,3.0,PALO ALTO,2394,8795,1958,226,1462,,Active,,,https://www.redfin.com/CA/Palo-Alto/3417-Kenneth-Dr-94303/home/594886,MLSListings,ML81905105,N,Y,37.4341408,-122.109817
MLS Listing,,Single Family Residential,1540 Pomeroy Ave,Santa Clara,CA,95051,2300000,2,1.0,SANTA CLARA,870,9020,1950,236,2644,,Active,,,https://www.redfin.com/CA/Santa-Clara/1540-Pomeroy-Ave-95051/home/1829346,MLSListings,ML81903936,N,Y,37.3516339,-121.9870107
MLS Listing,,Single Family Residential,1530 Pomeroy Ave,Santa Clara,CA,95051,2300000,2,1.0,SANTA CLARA,840,11195,1949,236,2738,,Active,,,https://www.redfin.com/CA/Santa-Clara/1530-Pomeroy-Ave-95051/home/1264014,MLSListings,ML81903926,N,Y,37.3514461,-121.9870107
MLS Listing,,Single Family Residential,150 Brookwood,Woodside,CA,94062,8250000,3,5.5,WOODSIDE,6711,43080,1948,240,1229,16,Active,,,https://www.redfin.com/CA/Woodside/150-Brookwood-Rd-94062/home/2059225,MLSListings,ML81903548,N,Y,37.4467198,-122.2465557
MLS Listing,,Single Family Residential,5593 Snowdon Pl,San Jose,CA,95138,6995000,5,5.5,SAN JOSE,8703,30928,2004,242,804,185,Active,April-9-2023 01:00 PM,April-9-2023 05:00 PM,https://www.redfin.com/CA/San-Jose/5593-Snowdon-Pl-95138/home/1299466,MLSListings,ML81902178,N,Y,37.2767601,-121.7566117
MLS Listing,,Single Family Residential,14 Sunkist Ln,Los Altos,CA,94022,4995000,3,3.5,LOS ALTOS,2780,13286,1959,250,1797,,Active,,,https://www.redfin.com/CA/Los-Altos/14-Sunkist-Ln-94022/home/635590,MLSListings,ML81901288,N,Y,37.381632,-122.1059787
MLS Listing,,Single Family Residential,36311 San Pedro,Fremont,CA,94536,2600000,7,6.0,Cabrillo Area,4800,14802,1986,268,542,,Active,,,https://www.redfin.com/CA/Fremont/36311-San-Pedro-Dr-94536/home/1920420,"bridgeMLS, Bay East AOR, or Contra Costa AOR",41001572,N,Y,37.5526395,-122.0264517
MLS Listing,,Single Family Residential,35 Echo Ln,Woodside,CA,94062,3450000,4,4.5,WOODSIDE,4490,88862,1960,271,768,,Active,,,https://www.redfin.com/CA/Woodside/35-Echo-Ln-94062/home/1668618,MLSListings,ML81899491,N,Y,37.3841158,-122.2601601
MLS Listing,,Single Family Residential,210 Uplands Dr,Hillsborough,CA,94010,14999000,6,4.5,HILLSBOROUGH,5030,78880,1949,277,2982,,Active,,,https://www.redfin.com/CA/Hillsborough/210-Uplands-Dr-94010/home/1548881,MLSListings,ML81898893,N,Y,37.5601557,-122.3335144
MLS Listing,,Single Family Residential,15090 Park Dr,Saratoga,CA,95070,5950000,4,3.5,SARATOGA,3789,21000,1939,281,1570,,Active,April-8-2023 02:00 PM,April-8-2023 04:00 PM,https://www.redfin.com/CA/Saratoga/15090-Park-Dr-95070/home/1807818,MLSListings,ML81898707,N,Y,37.2489809,-122.0211208
MLS Listing,,Single Family Residential,1585 Black Mountain Rd,Hillsborough,CA,94010,6499950,5,5.0,HILLSBOROUGH,5180,24700,1958,299,1255,,Active,April-8-2023 01:30 PM,April-8-2023 04:00 PM,https://www.redfin.com/CA/Hillsborough/1585-Black-Mountain-Rd-94010/home/732228,MLSListings,ML81895978,N,Y,37.5445258,-122.3622487
MLS Listing,,Single Family Residential,610 Los Trancos Rd,Palo Alto,CA,94304,53900000,5,6.5,PALO ALTO,21082,583704,2008,305,2557,,Active,,,https://www.redfin.com/CA/Palo-Alto/610-Los-Trancos-Rd-94304/home/1081316,MLSListings,ML81895229,N,Y,37.3683516,-122.199304
MLS Listing,,Single Family Residential,5307 Vicenza Way,San Jose,CA,95138,3300000,3,3.5,SAN JOSE,3703,12377,1997,322,891,120,Active,,,https://www.redfin.com/CA/San-Jose/5307-Vicenza-Way-95138/home/1719922,MLSListings,ML81892967,N,Y,37.2842407,-121.7649136
MLS Listing,,Vacant Land,0 Mt Eden Rd,Saratoga,CA,95070,1699000,,,Saratoga,,49352,,329,,,Active,,,https://www.redfin.com/CA/Saratoga/Mt-Eden-Rd-95070/home/161055700,"bridgeMLS, Bay East AOR, or Contra Costa AOR",40990389,N,Y,37.270133,-122.059873
MLS Listing,,Single Family Residential,15880 Lomas Ln,Los Gatos,CA,95030,3998000,5,3.0,LOS GATOS,5400,56628,1978,337,740,,Active,,,https://www.redfin.com/CA/Los-Gatos/15880-Lomas-Ln-95030/home/1100431,MLSListings,ML81890562,N,Y,37.2368434,-122.008554
MLS Listing,,Condo/Co-op,1 Baldwin Ave #517,San Mateo,CA,94401,765000,2,2.0,SAN MATEO,1429,86325,1988,337,535,6439,Active,,,https://www.redfin.com/CA/San-Mateo/1-Baldwin-Ave-94401/unit-517/home/1703771,MLSListings,ML81890463,N,Y,37.5662399,-122.3281563
MLS Listing,,Vacant Land,3800 Adams Ave,Fremont,CA,94538,6000000,,,Fremont,,26364,,354,,,Active,,,https://www.redfin.com/CA/Fremont/3800-Adams-Ave-94538/home/704456,"bridgeMLS, Bay East AOR, or Contra Costa AOR",40989560,N,Y,37.5296232,-121.9563319
MLS Listing,,Single Family Residential,2 Valley Rd,Atherton,CA,94027,11995000,6,6.5,ATHERTON,6157,43957,2007,398,1948,,Active,,,https://www.redfin.com/CA/Atherton/2-Valley-Rd-94027/home/2100329,MLSListings,ML81881151,N,Y,37.4267543,-122.2243713
MLS Listing,,Multi-Family (5+ Unit),1893 Woodland Ave,East Palo Alto,CA,94303,8999000,,,EAST PALO ALTO,1500,48787,1945,404,5999,,Active,,,https://www.redfin.com/CA/East-Palo-Alto/1893-Woodland-Ave-94303/home/161294027,MLSListings,ML81880191,N,Y,37.4537657,-122.1305929
MLS Listing,,Vacant Land,14705 Kincaid Rd,San Jose,CA,95140,1755000,,,San Jose,,4180453,,503,,,Active,,,https://www.redfin.com/CA/Mt-Hamilton/14705-Kincaid-Rd-95140/home/21839252,"bridgeMLS, Bay East AOR, or Contra Costa AOR",40974784,N,Y,37.3797543,-121.6708328
MLS Listing,,Other,6821 Silver Creek Rd,San Jose,CA,95138,6995000,2,1.0,SAN JOSE,800,4443120,1970,536,8744,,Active,,,https://www.redfin.com/CA/San-Jose/6821-Silver-Creek-Rd-95138/home/12261791,MLSListings,ML81860731,N,Y,37.2643092,-121.747352
MLS Listing,,Single Family Residential,1900 Bear Gulch Rd,San Gregorio,CA,94074,18500000,13,10.0,SAN GREGORIO,7239,24567840,1910,565,2556,,Active,,,https://www.redfin.com/CA/San-Gregorio/1900-Bear-Gulch-Rd-94074/home/28898375,MLSListings,ML81860050,N,Y,37.3267951,-122.3529481
MLS Listing,,Single Family Residential,653 Cabrillo Ave,Stanford,CA,94305,2300000,5,3.5,STANFORD,3214,78349,1920,613,716,,Active,,,https://www.redfin.com/CA/Stanford/Cabrillo-Ave-94305/home/1561279,MLSListings,ML81853004,N,Y,37.4170177,-122.1651809
MLS Listing,,Single Family Residential,1 Reids Roost Rd,Woodside,CA,94062,5250000,4,5.5,WOODSIDE,10003,219237,2005,626,525,,Active,,,https://www.redfin.com/CA/Woodside/1-Reids-Roost-Rd-94062/home/1535956,MLSListings,ML81854209,N,Y,37.4026336,-122.2975966
MLS Listing,,Multi-Family (5+ Unit),214 W Ahwanee Ave,Sunnyvale,CA,94085,13999000,20,24.0,SUNNYVALE,31696,31576,2020,888,442,,Active,,,https://www.redfin.com/CA/Sunnyvale/214-W-Ahwanee-Ave-94085/home/1508781,MLSListings,ML81818434,N,Y,37.3977057,-122.0248086
MLS Listing,,Single Family Residential,5660 Alpine Rd,Portola Valley,CA,94028,19000000,6,10.0,PORTOLA VALLEY,14500,1817236,2006,964,1310,,Active,,,https://www.redfin.com/CA/Portola-Valley/5660-Alpine-Rd-94028/home/1233276,MLSListings,ML81803721,N,Y,37.3499012,-122.2123375
